package_id,package_title,package_kind,package_folder,relative_path,sheet_or_table,variable_name,variable_label,inferred_type,non_null_sample_count,sample_values,min_value,max_value,source_file_format,confidence,notes
paper-2002-03,Road Capacity And The Allocation Of Time,READY-TO-UPLOAD/PUBLIC,/Users/dlev2617/Documents/Code/Agents/github-packages/READY-TO-UPLOAD/PUBLIC/paper-2002-03-road-capacity-and-the-allocation-of-time,data/derived_workbooks/modernized/TT95.xlsx,Sheet1,column_1,,empty,0,,,,xlsx,medium,Some headers were missing; generated column_N names. Sampled first 13 non-empty rows from worksheet.
paper-2002-03,Road Capacity And The Allocation Of Time,READY-TO-UPLOAD/PUBLIC,/Users/dlev2617/Documents/Code/Agents/github-packages/READY-TO-UPLOAD/PUBLIC/paper-2002-03-road-capacity-and-the-allocation-of-time,data/derived_workbooks/modernized/TT95.xlsx,Sheet1,column_2,,empty,0,,,,xlsx,medium,Some headers were missing; generated column_N names. Sampled first 13 non-empty rows from worksheet.
paper-2002-03,Road Capacity And The Allocation Of Time,READY-TO-UPLOAD/PUBLIC,/Users/dlev2617/Documents/Code/Agents/github-packages/READY-TO-UPLOAD/PUBLIC/paper-2002-03-road-capacity-and-the-allocation-of-time,data/derived_workbooks/modernized/TT95.xlsx,Sheet1,column_3,,mixed_numeric_text,6,1995 | FEMALE | MALE | 1990,,,xlsx,medium,Some headers were missing; generated column_N names. Sampled first 13 non-empty rows from worksheet.
paper-2002-03,Road Capacity And The Allocation Of Time,READY-TO-UPLOAD/PUBLIC,/Users/dlev2617/Documents/Code/Agents/github-packages/READY-TO-UPLOAD/PUBLIC/paper-2002-03-road-capacity-and-the-allocation-of-time,data/derived_workbooks/modernized/TT95.xlsx,Sheet1,column_4,,text,8,NON WORKER | WORKER,,,xlsx,medium,Some headers were missing; generated column_N names. Sampled first 13 non-empty rows from worksheet.
paper-2002-03,Road Capacity And The Allocation Of Time,READY-TO-UPLOAD/PUBLIC,/Users/dlev2617/Documents/Code/Agents/github-packages/READY-TO-UPLOAD/PUBLIC/paper-2002-03-road-capacity-and-the-allocation-of-time,data/derived_workbooks/modernized/TT95.xlsx,Sheet1,column_5,,mixed_numeric_text,12,HOME | MEAN | 1172.251 | 944.2046 | 1170.899,,,xlsx,medium,Some headers were missing; generated column_N names. Sampled first 13 non-empty rows from worksheet.
paper-2002-03,Road Capacity And The Allocation Of Time,READY-TO-UPLOAD/PUBLIC,/Users/dlev2617/Documents/Code/Agents/github-packages/READY-TO-UPLOAD/PUBLIC/paper-2002-03-road-capacity-and-the-allocation-of-time,data/derived_workbooks/modernized/TT95.xlsx,Sheet1,column_6,,mixed_numeric_text,10,STD DEV | 185.9133 | 225.5581 | 199.9176 | 233.4691,,,xlsx,medium,Some headers were missing; generated column_N names. Sampled first 13 non-empty rows from worksheet.
paper-2002-03,Road Capacity And The Allocation Of Time,READY-TO-UPLOAD/PUBLIC,/Users/dlev2617/Documents/Code/Agents/github-packages/READY-TO-UPLOAD/PUBLIC/paper-2002-03-road-capacity-and-the-allocation-of-time,data/derived_workbooks/modernized/TT95.xlsx,Sheet1,"DURATION BY ACTIVITY , WORK STATUS AND GENDER FOR 1990 & 1995",,mixed_numeric_text,12,WORK | MEAN | 0 | 313.027 | 364.5115,,,xlsx,medium,Some headers were missing; generated column_N names. Sampled first 13 non-empty rows from worksheet.
paper-2002-03,Road Capacity And The Allocation Of Time,READY-TO-UPLOAD/PUBLIC,/Users/dlev2617/Documents/Code/Agents/github-packages/READY-TO-UPLOAD/PUBLIC/paper-2002-03-road-capacity-and-the-allocation-of-time,data/derived_workbooks/modernized/TT95.xlsx,Sheet1,column_8,,mixed_numeric_text,10,STD DEV | 0 | 249.4606 | 261.5437 | 357.3908,,,xlsx,medium,Some headers were missing; generated column_N names. Sampled first 13 non-empty rows from worksheet.
paper-2002-03,Road Capacity And The Allocation Of Time,READY-TO-UPLOAD/PUBLIC,/Users/dlev2617/Documents/Code/Agents/github-packages/READY-TO-UPLOAD/PUBLIC/paper-2002-03-road-capacity-and-the-allocation-of-time,data/derived_workbooks/modernized/TT95.xlsx,Sheet1,column_9,,mixed_numeric_text,12,SHOP | MEAN | 42.15896 | 24.69628 | 30.325,,,xlsx,medium,Some headers were missing; generated column_N names. Sampled first 13 non-empty rows from worksheet.
paper-2002-03,Road Capacity And The Allocation Of Time,READY-TO-UPLOAD/PUBLIC,/Users/dlev2617/Documents/Code/Agents/github-packages/READY-TO-UPLOAD/PUBLIC/paper-2002-03-road-capacity-and-the-allocation-of-time,data/derived_workbooks/modernized/TT95.xlsx,Sheet1,column_10,,mixed_numeric_text,10,STD DEV | 63.57838 | 48.70339 | 54.56356 | 36.65966,,,xlsx,medium,Some headers were missing; generated column_N names. Sampled first 13 non-empty rows from worksheet.
paper-2002-03,Road Capacity And The Allocation Of Time,READY-TO-UPLOAD/PUBLIC,/Users/dlev2617/Documents/Code/Agents/github-packages/READY-TO-UPLOAD/PUBLIC/paper-2002-03-road-capacity-and-the-allocation-of-time,data/derived_workbooks/modernized/TT95.xlsx,Sheet1,column_11,,mixed_numeric_text,12,OTHER | MEAN | 165.756 | 93.18468 | 176.8766,,,xlsx,medium,Some headers were missing; generated column_N names. Sampled first 13 non-empty rows from worksheet.
paper-2002-03,Road Capacity And The Allocation Of Time,READY-TO-UPLOAD/PUBLIC,/Users/dlev2617/Documents/Code/Agents/github-packages/READY-TO-UPLOAD/PUBLIC/paper-2002-03-road-capacity-and-the-allocation-of-time,data/derived_workbooks/modernized/TT95.xlsx,Sheet1,column_12,,mixed_numeric_text,10,STD DEV | 170.327 | 132.1597 | 183.9106 | 136.3332,,,xlsx,medium,Some headers were missing; generated column_N names. Sampled first 13 non-empty rows from worksheet.
paper-2002-03,Road Capacity And The Allocation Of Time,READY-TO-UPLOAD/PUBLIC,/Users/dlev2617/Documents/Code/Agents/github-packages/READY-TO-UPLOAD/PUBLIC/paper-2002-03-road-capacity-and-the-allocation-of-time,data/derived_workbooks/modernized/TT95.xlsx,Sheet1,column_13,,mixed_numeric_text,12,TRAVEL | MEAN | 59.83357 | 64.88745 | 61.89919,,,xlsx,medium,Some headers were missing; generated column_N names. Sampled first 13 non-empty rows from worksheet.
paper-2002-03,Road Capacity And The Allocation Of Time,READY-TO-UPLOAD/PUBLIC,/Users/dlev2617/Documents/Code/Agents/github-packages/READY-TO-UPLOAD/PUBLIC/paper-2002-03-road-capacity-and-the-allocation-of-time,data/derived_workbooks/modernized/TT95.xlsx,Sheet1,column_14,,mixed_numeric_text,10,STD DEV | 43.99925 | 43.56622 | 45.56952 | 48.25216,,,xlsx,medium,Some headers were missing; generated column_N names. Sampled first 13 non-empty rows from worksheet.
paper-2002-03,Road Capacity And The Allocation Of Time,READY-TO-UPLOAD/PUBLIC,/Users/dlev2617/Documents/Code/Agents/github-packages/READY-TO-UPLOAD/PUBLIC/paper-2002-03-road-capacity-and-the-allocation-of-time,data/derived_workbooks/modernized/TT95.xlsx,Sheet1,column_15,,mixed_numeric_text,10,CASES | 2812 | 8014 | 1240 | 7716,,,xlsx,medium,Some headers were missing; generated column_N names. Sampled first 13 non-empty rows from worksheet.
paper-2002-03,Road Capacity And The Allocation Of Time,READY-TO-UPLOAD/PUBLIC,/Users/dlev2617/Documents/Code/Agents/github-packages/READY-TO-UPLOAD/PUBLIC/paper-2002-03-road-capacity-and-the-allocation-of-time,data/derived_workbooks/modernized/TT9590.xlsx,Sheet1,column_1,,empty,0,,,,xlsx,medium,Some headers were missing; generated column_N names. Sampled first 50 non-empty rows from worksheet.
paper-2002-03,Road Capacity And The Allocation Of Time,READY-TO-UPLOAD/PUBLIC,/Users/dlev2617/Documents/Code/Agents/github-packages/READY-TO-UPLOAD/PUBLIC/paper-2002-03-road-capacity-and-the-allocation-of-time,data/derived_workbooks/modernized/TT9590.xlsx,Sheet1,column_2,,empty,0,,,,xlsx,medium,Some headers were missing; generated column_N names. Sampled first 50 non-empty rows from worksheet.
paper-2002-03,Road Capacity And The Allocation Of Time,READY-TO-UPLOAD/PUBLIC,/Users/dlev2617/Documents/Code/Agents/github-packages/READY-TO-UPLOAD/PUBLIC/paper-2002-03-road-capacity-and-the-allocation-of-time,data/derived_workbooks/modernized/TT9590.xlsx,Sheet1,column_3,,mixed_numeric_text,26,1995 | FEMALE | MALE | 1990 | SEX_YEAR,,,xlsx,medium,Some headers were missing; generated column_N names. Sampled first 50 non-empty rows from worksheet.
paper-2002-03,Road Capacity And The Allocation Of Time,READY-TO-UPLOAD/PUBLIC,/Users/dlev2617/Documents/Code/Agents/github-packages/READY-TO-UPLOAD/PUBLIC/paper-2002-03-road-capacity-and-the-allocation-of-time,data/derived_workbooks/modernized/TT9590.xlsx,Sheet1,column_4,,text,25,NON WORKER | WORKER | WORK STATUS,,,xlsx,medium,Some headers were missing; generated column_N names. Sampled first 50 non-empty rows from worksheet.
paper-2002-03,Road Capacity And The Allocation Of Time,READY-TO-UPLOAD/PUBLIC,/Users/dlev2617/Documents/Code/Agents/github-packages/READY-TO-UPLOAD/PUBLIC/paper-2002-03-road-capacity-and-the-allocation-of-time,data/derived_workbooks/modernized/TT9590.xlsx,Sheet1,column_5,,mixed_numeric_text,44,HOME | MEAN | 1172* | 944* | 1171*,,,xlsx,medium,Some headers were missing; generated column_N names. Sampled first 50 non-empty rows from worksheet.
paper-2002-03,Road Capacity And The Allocation Of Time,READY-TO-UPLOAD/PUBLIC,/Users/dlev2617/Documents/Code/Agents/github-packages/READY-TO-UPLOAD/PUBLIC/paper-2002-03-road-capacity-and-the-allocation-of-time,data/derived_workbooks/modernized/TT9590.xlsx,Sheet1,column_6,,text,8,*,,,xlsx,medium,Some headers were missing; generated column_N names. Sampled first 50 non-empty rows from worksheet.
paper-2002-03,Road Capacity And The Allocation Of Time,READY-TO-UPLOAD/PUBLIC,/Users/dlev2617/Documents/Code/Agents/github-packages/READY-TO-UPLOAD/PUBLIC/paper-2002-03-road-capacity-and-the-allocation-of-time,data/derived_workbooks/modernized/TT9590.xlsx,Sheet1,"DURATION BY ACTIVITY , WORK STATUS AND GENDER FOR 1995",,mixed_numeric_text,42,WORK | MEAN | 0 | 313* | 365*,,,xlsx,medium,Some headers were missing; generated column_N names. Sampled first 50 non-empty rows from worksheet.
paper-2002-03,Road Capacity And The Allocation Of Time,READY-TO-UPLOAD/PUBLIC,/Users/dlev2617/Documents/Code/Agents/github-packages/READY-TO-UPLOAD/PUBLIC/paper-2002-03-road-capacity-and-the-allocation-of-time,data/derived_workbooks/modernized/TT9590.xlsx,Sheet1,column_8,,text,5,*,,,xlsx,medium,Some headers were missing; generated column_N names. Sampled first 50 non-empty rows from worksheet.
paper-2002-03,Road Capacity And The Allocation Of Time,READY-TO-UPLOAD/PUBLIC,/Users/dlev2617/Documents/Code/Agents/github-packages/READY-TO-UPLOAD/PUBLIC/paper-2002-03-road-capacity-and-the-allocation-of-time,data/derived_workbooks/modernized/TT9590.xlsx,Sheet1,column_9,,mixed_numeric_text,39,SHOP | MEAN | 42* | 25* | 30,,,xlsx,medium,Some headers were missing; generated column_N names. Sampled first 50 non-empty rows from worksheet.
paper-2002-03,Road Capacity And The Allocation Of Time,READY-TO-UPLOAD/PUBLIC,/Users/dlev2617/Documents/Code/Agents/github-packages/READY-TO-UPLOAD/PUBLIC/paper-2002-03-road-capacity-and-the-allocation-of-time,data/derived_workbooks/modernized/TT9590.xlsx,Sheet1,column_10,,text,8,*,,,xlsx,medium,Some headers were missing; generated column_N names. Sampled first 50 non-empty rows from worksheet.
paper-2002-03,Road Capacity And The Allocation Of Time,READY-TO-UPLOAD/PUBLIC,/Users/dlev2617/Documents/Code/Agents/github-packages/READY-TO-UPLOAD/PUBLIC/paper-2002-03-road-capacity-and-the-allocation-of-time,data/derived_workbooks/modernized/TT9590.xlsx,Sheet1,column_11,,mixed_numeric_text,39,OTHER | MEAN | 166* | 93* | 177*,,,xlsx,medium,Some headers were missing; generated column_N names. Sampled first 50 non-empty rows from worksheet.
paper-2002-03,Road Capacity And The Allocation Of Time,READY-TO-UPLOAD/PUBLIC,/Users/dlev2617/Documents/Code/Agents/github-packages/READY-TO-UPLOAD/PUBLIC/paper-2002-03-road-capacity-and-the-allocation-of-time,data/derived_workbooks/modernized/TT9590.xlsx,Sheet1,column_12,,text,10,*,,,xlsx,medium,Some headers were missing; generated column_N names. Sampled first 50 non-empty rows from worksheet.
paper-2002-03,Road Capacity And The Allocation Of Time,READY-TO-UPLOAD/PUBLIC,/Users/dlev2617/Documents/Code/Agents/github-packages/READY-TO-UPLOAD/PUBLIC/paper-2002-03-road-capacity-and-the-allocation-of-time,data/derived_workbooks/modernized/TT9590.xlsx,Sheet1,column_13,,mixed_numeric_text,39,TRAVEL | MEAN | 59.83357 | 64.88745 | 61.89919,,,xlsx,medium,Some headers were missing; generated column_N names. Sampled first 50 non-empty rows from worksheet.
paper-2002-03,Road Capacity And The Allocation Of Time,READY-TO-UPLOAD/PUBLIC,/Users/dlev2617/Documents/Code/Agents/github-packages/READY-TO-UPLOAD/PUBLIC/paper-2002-03-road-capacity-and-the-allocation-of-time,data/derived_workbooks/modernized/TT9590.xlsx,Sheet1,column_14,,mixed_numeric_text,34,CASES | 2812 | 8014 | 1240 | 7716,,,xlsx,medium,Some headers were missing; generated column_N names. Sampled first 50 non-empty rows from worksheet.
paper-2002-03,Road Capacity And The Allocation Of Time,READY-TO-UPLOAD/PUBLIC,/Users/dlev2617/Documents/Code/Agents/github-packages/READY-TO-UPLOAD/PUBLIC/paper-2002-03-road-capacity-and-the-allocation-of-time,data/derived_workbooks/modernized/TT9590.xlsx,Sheet1,column_15,,empty,0,,,,xlsx,medium,Some headers were missing; generated column_N names. Sampled first 50 non-empty rows from worksheet.
paper-2002-03,Road Capacity And The Allocation Of Time,READY-TO-UPLOAD/PUBLIC,/Users/dlev2617/Documents/Code/Agents/github-packages/READY-TO-UPLOAD/PUBLIC/paper-2002-03-road-capacity-and-the-allocation-of-time,data/derived_workbooks/modernized/TT9590.xlsx,Sheet1,column_16,,mixed_numeric_text,3,1990 | FEMALE | MALE,,,xlsx,medium,Some headers were missing; generated column_N names. Sampled first 50 non-empty rows from worksheet.
paper-2002-03,Road Capacity And The Allocation Of Time,READY-TO-UPLOAD/PUBLIC,/Users/dlev2617/Documents/Code/Agents/github-packages/READY-TO-UPLOAD/PUBLIC/paper-2002-03-road-capacity-and-the-allocation-of-time,data/derived_workbooks/modernized/TT9590.xlsx,Sheet1,column_17,,text,4,NON WORKER | WORKER,,,xlsx,medium,Some headers were missing; generated column_N names. Sampled first 50 non-empty rows from worksheet.
paper-2002-03,Road Capacity And The Allocation Of Time,READY-TO-UPLOAD/PUBLIC,/Users/dlev2617/Documents/Code/Agents/github-packages/READY-TO-UPLOAD/PUBLIC/paper-2002-03-road-capacity-and-the-allocation-of-time,data/derived_workbooks/modernized/TT9590.xlsx,Sheet1,column_18,,mixed_numeric_text,6,HOME | MEAN | 1220.085 | 928.2832 | 1222.011,,,xlsx,medium,Some headers were missing; generated column_N names. Sampled first 50 non-empty rows from worksheet.
paper-2002-03,Road Capacity And The Allocation Of Time,READY-TO-UPLOAD/PUBLIC,/Users/dlev2617/Documents/Code/Agents/github-packages/READY-TO-UPLOAD/PUBLIC/paper-2002-03-road-capacity-and-the-allocation-of-time,data/derived_workbooks/modernized/TT9590.xlsx,Sheet1,column_19,,mixed_numeric_text,5,STD DEV | 208.5702 | 356.9173 | 211.3537 | 359.7415,,,xlsx,medium,Some headers were missing; generated column_N names. Sampled first 50 non-empty rows from worksheet.
paper-2002-03,Road Capacity And The Allocation Of Time,READY-TO-UPLOAD/PUBLIC,/Users/dlev2617/Documents/Code/Agents/github-packages/READY-TO-UPLOAD/PUBLIC/paper-2002-03-road-capacity-and-the-allocation-of-time,data/derived_workbooks/modernized/TT9590.xlsx,Sheet1,column_20,,mixed_numeric_text,6,WORK | MEAN | 0 | 284.3471 | 338.4018,,,xlsx,medium,Some headers were missing; generated column_N names. Sampled first 50 non-empty rows from worksheet.
paper-2002-03,Road Capacity And The Allocation Of Time,READY-TO-UPLOAD/PUBLIC,/Users/dlev2617/Documents/Code/Agents/github-packages/READY-TO-UPLOAD/PUBLIC/paper-2002-03-road-capacity-and-the-allocation-of-time,data/derived_workbooks/modernized/TT9590.xlsx,Sheet1,column_21,,mixed_numeric_text,5,STD DEV | 0 | 357.3908 | 366.871,,,xlsx,medium,Some headers were missing; generated column_N names. Sampled first 50 non-empty rows from worksheet.
paper-2002-03,Road Capacity And The Allocation Of Time,READY-TO-UPLOAD/PUBLIC,/Users/dlev2617/Documents/Code/Agents/github-packages/READY-TO-UPLOAD/PUBLIC/paper-2002-03-road-capacity-and-the-allocation-of-time,data/derived_workbooks/modernized/TT9590.xlsx,Sheet1,column_22,,mixed_numeric_text,6,SHOP | MEAN | 35.22353 | 30.10375 | 28.8338,,,xlsx,medium,Some headers were missing; generated column_N names. Sampled first 50 non-empty rows from worksheet.
paper-2002-03,Road Capacity And The Allocation Of Time,READY-TO-UPLOAD/PUBLIC,/Users/dlev2617/Documents/Code/Agents/github-packages/READY-TO-UPLOAD/PUBLIC/paper-2002-03-road-capacity-and-the-allocation-of-time,data/derived_workbooks/modernized/TT9590.xlsx,Sheet1,column_23,,mixed_numeric_text,5,STD DEV | 69.72813 | 69.35141 | 60.46983 | 59.34432,,,xlsx,medium,Some headers were missing; generated column_N names. Sampled first 50 non-empty rows from worksheet.
paper-2002-03,Road Capacity And The Allocation Of Time,READY-TO-UPLOAD/PUBLIC,/Users/dlev2617/Documents/Code/Agents/github-packages/READY-TO-UPLOAD/PUBLIC/paper-2002-03-road-capacity-and-the-allocation-of-time,data/derived_workbooks/modernized/TT9590.xlsx,Sheet1,column_24,,mixed_numeric_text,6,OTHER | MEAN | 126.6127 | 131.8686 | 130.3989,,,xlsx,medium,Some headers were missing; generated column_N names. Sampled first 50 non-empty rows from worksheet.
paper-2002-03,Road Capacity And The Allocation Of Time,READY-TO-UPLOAD/PUBLIC,/Users/dlev2617/Documents/Code/Agents/github-packages/READY-TO-UPLOAD/PUBLIC/paper-2002-03-road-capacity-and-the-allocation-of-time,data/derived_workbooks/modernized/TT9590.xlsx,Sheet1,column_25,,mixed_numeric_text,5,STD DEV | 172.3585 | 190.9533 | 182.5472 | 188.5577,,,xlsx,medium,Some headers were missing; generated column_N names. Sampled first 50 non-empty rows from worksheet.
paper-2002-03,Road Capacity And The Allocation Of Time,READY-TO-UPLOAD/PUBLIC,/Users/dlev2617/Documents/Code/Agents/github-packages/READY-TO-UPLOAD/PUBLIC/paper-2002-03-road-capacity-and-the-allocation-of-time,data/derived_workbooks/modernized/TT9590.xlsx,Sheet1,column_26,,mixed_numeric_text,6,TRAVEL | MEAN | 58.07843 | 65.39724 | 58.75623,,,xlsx,medium,Some headers were missing; generated column_N names. Sampled first 50 non-empty rows from worksheet.
paper-2002-03,Road Capacity And The Allocation Of Time,READY-TO-UPLOAD/PUBLIC,/Users/dlev2617/Documents/Code/Agents/github-packages/READY-TO-UPLOAD/PUBLIC/paper-2002-03-road-capacity-and-the-allocation-of-time,data/derived_workbooks/modernized/TT9590.xlsx,Sheet1,column_27,,mixed_numeric_text,5,STD DEV | 60.52177 | 64.13466 | 64.51711 | 70.62894,,,xlsx,medium,Some headers were missing; generated column_N names. Sampled first 50 non-empty rows from worksheet.
paper-2002-03,Road Capacity And The Allocation Of Time,READY-TO-UPLOAD/PUBLIC,/Users/dlev2617/Documents/Code/Agents/github-packages/READY-TO-UPLOAD/PUBLIC/paper-2002-03-road-capacity-and-the-allocation-of-time,data/derived_workbooks/modernized/TT9590.xlsx,Sheet1,column_28,,mixed_numeric_text,5,CASES | 1020 | 2535 | 361 | 2275,,,xlsx,medium,Some headers were missing; generated column_N names. Sampled first 50 non-empty rows from worksheet.
paper-2002-03,Road Capacity And The Allocation Of Time,READY-TO-UPLOAD/PUBLIC,/Users/dlev2617/Documents/Code/Agents/github-packages/READY-TO-UPLOAD/PUBLIC/paper-2002-03-road-capacity-and-the-allocation-of-time,data/derived_workbooks/modernized/TT9590.xlsx,Sheet1,column_29,,empty,0,,,,xlsx,medium,Some headers were missing; generated column_N names. Sampled first 50 non-empty rows from worksheet.
paper-2002-03,Road Capacity And The Allocation Of Time,READY-TO-UPLOAD/PUBLIC,/Users/dlev2617/Documents/Code/Agents/github-packages/READY-TO-UPLOAD/PUBLIC/paper-2002-03-road-capacity-and-the-allocation-of-time,data/derived_workbooks/modernized/TT9590.xlsx,Sheet1,column_30,,text,5,act | #VALUE! | #REF!,,,xlsx,medium,Some headers were missing; generated column_N names. Sampled first 50 non-empty rows from worksheet.
paper-2002-03,Road Capacity And The Allocation Of Time,READY-TO-UPLOAD/PUBLIC,/Users/dlev2617/Documents/Code/Agents/github-packages/READY-TO-UPLOAD/PUBLIC/paper-2002-03-road-capacity-and-the-allocation-of-time,data/derived_workbooks/modernized/TT9590.xlsx,Sheet1,column_31,,text,5,tt | #REF!,,,xlsx,medium,Some headers were missing; generated column_N names. Sampled first 50 non-empty rows from worksheet.
paper-2002-03,Road Capacity And The Allocation Of Time,READY-TO-UPLOAD/PUBLIC,/Users/dlev2617/Documents/Code/Agents/github-packages/READY-TO-UPLOAD/PUBLIC/paper-2002-03-road-capacity-and-the-allocation-of-time,data/derived_workbooks/modernized/TT9590.xlsx,Sheet1,column_32,,mixed_numeric_text,5,work | 0 | #VALUE!,,,xlsx,medium,Some headers were missing; generated column_N names. Sampled first 50 non-empty rows from worksheet.
paper-2002-03,Road Capacity And The Allocation Of Time,READY-TO-UPLOAD/PUBLIC,/Users/dlev2617/Documents/Code/Agents/github-packages/READY-TO-UPLOAD/PUBLIC/paper-2002-03-road-capacity-and-the-allocation-of-time,data/derived_workbooks/modernized/TT9590.xlsx,Sheet1,column_33,,text,5,shop | #VALUE! | #REF!,,,xlsx,medium,Some headers were missing; generated column_N names. Sampled first 50 non-empty rows from worksheet.
paper-2002-03,Road Capacity And The Allocation Of Time,READY-TO-UPLOAD/PUBLIC,/Users/dlev2617/Documents/Code/Agents/github-packages/READY-TO-UPLOAD/PUBLIC/paper-2002-03-road-capacity-and-the-allocation-of-time,data/derived_workbooks/modernized/TT9590.xlsx,Sheet1,column_34,,text,5,other | #VALUE!,,,xlsx,medium,Some headers were missing; generated column_N names. Sampled first 50 non-empty rows from worksheet.
paper-2002-03,Road Capacity And The Allocation Of Time,READY-TO-UPLOAD/PUBLIC,/Users/dlev2617/Documents/Code/Agents/github-packages/READY-TO-UPLOAD/PUBLIC/paper-2002-03-road-capacity-and-the-allocation-of-time,data/derived_workbooks/modernized/copypatterns.xlsx,Sheet1,column_1,,mixed_numeric_text,102,Patterns | HWH | HSH | HOH | HWSH,,,xlsx,medium,Some headers were missing; generated column_N names. Sampled first 104 non-empty rows from worksheet.
paper-2002-03,Road Capacity And The Allocation Of Time,READY-TO-UPLOAD/PUBLIC,/Users/dlev2617/Documents/Code/Agents/github-packages/READY-TO-UPLOAD/PUBLIC/paper-2002-03-road-capacity-and-the-allocation-of-time,data/derived_workbooks/modernized/copypatterns.xlsx,Sheet1,column_2,,mixed_numeric_text,51,Observations | 4160 | 522 | 1046 | 336,,,xlsx,medium,Some headers were missing; generated column_N names. Sampled first 104 non-empty rows from worksheet.
paper-2002-03,Road Capacity And The Allocation Of Time,READY-TO-UPLOAD/PUBLIC,/Users/dlev2617/Documents/Code/Agents/github-packages/READY-TO-UPLOAD/PUBLIC/paper-2002-03-road-capacity-and-the-allocation-of-time,data/derived_workbooks/modernized/copypatterns.xlsx,Sheet1,column_3,,mixed_numeric_text,51,tt1 | 25.52 | 11.99 | 19.81 | 14.37,,,xlsx,medium,Some headers were missing; generated column_N names. Sampled first 104 non-empty rows from worksheet.
paper-2002-03,Road Capacity And The Allocation Of Time,READY-TO-UPLOAD/PUBLIC,/Users/dlev2617/Documents/Code/Agents/github-packages/READY-TO-UPLOAD/PUBLIC/paper-2002-03-road-capacity-and-the-allocation-of-time,data/derived_workbooks/modernized/copypatterns.xlsx,Sheet1,column_4,,mixed_numeric_text,50,tt2 | 24.13 | 0 | 23.17 | 18.28,,,xlsx,medium,Some headers were missing; generated column_N names. Sampled first 104 non-empty rows from worksheet.
paper-2002-03,Road Capacity And The Allocation Of Time,READY-TO-UPLOAD/PUBLIC,/Users/dlev2617/Documents/Code/Agents/github-packages/READY-TO-UPLOAD/PUBLIC/paper-2002-03-road-capacity-and-the-allocation-of-time,data/derived_workbooks/modernized/copypatterns.xlsx,Sheet1,column_5,,mixed_numeric_text,50,tt3 | 0 | 11.71 | 15.6 | 9.38,,,xlsx,medium,Some headers were missing; generated column_N names. Sampled first 104 non-empty rows from worksheet.
paper-2002-03,Road Capacity And The Allocation Of Time,READY-TO-UPLOAD/PUBLIC,/Users/dlev2617/Documents/Code/Agents/github-packages/READY-TO-UPLOAD/PUBLIC/paper-2002-03-road-capacity-and-the-allocation-of-time,data/derived_workbooks/modernized/copypatterns.xlsx,Sheet1,WORKERS,,mixed_numeric_text,50,tt4 | 0 | 19.41 | 19.54 | 14.01,,,xlsx,medium,Some headers were missing; generated column_N names. Sampled first 104 non-empty rows from worksheet.
paper-2002-03,Road Capacity And The Allocation Of Time,READY-TO-UPLOAD/PUBLIC,/Users/dlev2617/Documents/Code/Agents/github-packages/READY-TO-UPLOAD/PUBLIC/paper-2002-03-road-capacity-and-the-allocation-of-time,data/derived_workbooks/modernized/copypatterns.xlsx,Sheet1,column_7,,mixed_numeric_text,50,act1 | 845.7 | 1360 | 1192 | 850.2,,,xlsx,medium,Some headers were missing; generated column_N names. Sampled first 104 non-empty rows from worksheet.
paper-2002-03,Road Capacity And The Allocation Of Time,READY-TO-UPLOAD/PUBLIC,/Users/dlev2617/Documents/Code/Agents/github-packages/READY-TO-UPLOAD/PUBLIC/paper-2002-03-road-capacity-and-the-allocation-of-time,data/derived_workbooks/modernized/copypatterns.xlsx,Sheet1,column_8,,mixed_numeric_text,50,act2 | 544.6 | 0 | 500.2 | 506.6,,,xlsx,medium,Some headers were missing; generated column_N names. Sampled first 104 non-empty rows from worksheet.
paper-2002-03,Road Capacity And The Allocation Of Time,READY-TO-UPLOAD/PUBLIC,/Users/dlev2617/Documents/Code/Agents/github-packages/READY-TO-UPLOAD/PUBLIC/paper-2002-03-road-capacity-and-the-allocation-of-time,data/derived_workbooks/modernized/copypatterns.xlsx,Sheet1,column_9,,mixed_numeric_text,50,act3 | 0 | 55.52 | 36.46 | 20.36,,,xlsx,medium,Some headers were missing; generated column_N names. Sampled first 104 non-empty rows from worksheet.
paper-2002-03,Road Capacity And The Allocation Of Time,READY-TO-UPLOAD/PUBLIC,/Users/dlev2617/Documents/Code/Agents/github-packages/READY-TO-UPLOAD/PUBLIC/paper-2002-03-road-capacity-and-the-allocation-of-time,data/derived_workbooks/modernized/copypatterns.xlsx,Sheet1,column_10,,mixed_numeric_text,50,act4 | 0 | 208.5 | 91.38 | 67.46,,,xlsx,medium,Some headers were missing; generated column_N names. Sampled first 104 non-empty rows from worksheet.
paper-2002-03,Road Capacity And The Allocation Of Time,READY-TO-UPLOAD/PUBLIC,/Users/dlev2617/Documents/Code/Agents/github-packages/READY-TO-UPLOAD/PUBLIC/paper-2002-03-road-capacity-and-the-allocation-of-time,data/derived_workbooks/modernized/copypatterns.xlsx,Sheet1,column_11,,mixed_numeric_text,50,Travel | 49.65 | 23.7 | 39.22 | 53.14,,,xlsx,medium,Some headers were missing; generated column_N names. Sampled first 104 non-empty rows from worksheet.
paper-2002-03,Road Capacity And The Allocation Of Time,READY-TO-UPLOAD/PUBLIC,/Users/dlev2617/Documents/Code/Agents/github-packages/READY-TO-UPLOAD/PUBLIC/paper-2002-03-road-capacity-and-the-allocation-of-time,data/derived_workbooks/modernized/copypatterns.xlsx,Sheet1,column_12,,mixed_numeric_text,51,Observations | 0 | 322 | 704 | 47,,,xlsx,medium,Some headers were missing; generated column_N names. Sampled first 104 non-empty rows from worksheet.
paper-2002-03,Road Capacity And The Allocation Of Time,READY-TO-UPLOAD/PUBLIC,/Users/dlev2617/Documents/Code/Agents/github-packages/READY-TO-UPLOAD/PUBLIC/paper-2002-03-road-capacity-and-the-allocation-of-time,data/derived_workbooks/modernized/copypatterns.xlsx,Sheet1,column_13,,mixed_numeric_text,50,tt1 | 0 | 13.6 | 21.31 | 15.89,,,xlsx,medium,Some headers were missing; generated column_N names. Sampled first 104 non-empty rows from worksheet.
paper-2002-03,Road Capacity And The Allocation Of Time,READY-TO-UPLOAD/PUBLIC,/Users/dlev2617/Documents/Code/Agents/github-packages/READY-TO-UPLOAD/PUBLIC/paper-2002-03-road-capacity-and-the-allocation-of-time,data/derived_workbooks/modernized/copypatterns.xlsx,Sheet1,column_14,,mixed_numeric_text,50,tt2 | 0,,,xlsx,medium,Some headers were missing; generated column_N names. Sampled first 104 non-empty rows from worksheet.
paper-2002-03,Road Capacity And The Allocation Of Time,READY-TO-UPLOAD/PUBLIC,/Users/dlev2617/Documents/Code/Agents/github-packages/READY-TO-UPLOAD/PUBLIC/paper-2002-03-road-capacity-and-the-allocation-of-time,data/derived_workbooks/modernized/copypatterns.xlsx,Sheet1,NON WORKERS,,mixed_numeric_text,50,tt3 | 0 | 13.31 | 11.93 | 11.72,,,xlsx,medium,Some headers were missing; generated column_N names. Sampled first 104 non-empty rows from worksheet.
paper-2002-03,Road Capacity And The Allocation Of Time,READY-TO-UPLOAD/PUBLIC,/Users/dlev2617/Documents/Code/Agents/github-packages/READY-TO-UPLOAD/PUBLIC/paper-2002-03-road-capacity-and-the-allocation-of-time,data/derived_workbooks/modernized/copypatterns.xlsx,Sheet1,NON-WORKERS,,mixed_numeric_text,31,tt4 | 0 | 20.58 | 12.89 | 16.1,,,xlsx,medium,Some headers were missing; generated column_N names. Sampled first 104 non-empty rows from worksheet.
paper-2002-03,Road Capacity And The Allocation Of Time,READY-TO-UPLOAD/PUBLIC,/Users/dlev2617/Documents/Code/Agents/github-packages/READY-TO-UPLOAD/PUBLIC/paper-2002-03-road-capacity-and-the-allocation-of-time,data/derived_workbooks/modernized/copypatterns.xlsx,Sheet1,column_17,,mixed_numeric_text,50,act1 | 0 | 1350 | 1192 | 1247,,,xlsx,medium,Some headers were missing; generated column_N names. Sampled first 104 non-empty rows from worksheet.
paper-2002-03,Road Capacity And The Allocation Of Time,READY-TO-UPLOAD/PUBLIC,/Users/dlev2617/Documents/Code/Agents/github-packages/READY-TO-UPLOAD/PUBLIC/paper-2002-03-road-capacity-and-the-allocation-of-time,data/derived_workbooks/modernized/copypatterns.xlsx,Sheet1,column_18,,mixed_numeric_text,50,act2 | 0,,,xlsx,medium,Some headers were missing; generated column_N names. Sampled first 104 non-empty rows from worksheet.
paper-2002-03,Road Capacity And The Allocation Of Time,READY-TO-UPLOAD/PUBLIC,/Users/dlev2617/Documents/Code/Agents/github-packages/READY-TO-UPLOAD/PUBLIC/paper-2002-03-road-capacity-and-the-allocation-of-time,data/derived_workbooks/modernized/copypatterns.xlsx,Sheet1,column_19,,mixed_numeric_text,50,act3 | 0 | 62.93 | 39.63 | 50.76,,,xlsx,medium,Some headers were missing; generated column_N names. Sampled first 104 non-empty rows from worksheet.
paper-2002-03,Road Capacity And The Allocation Of Time,READY-TO-UPLOAD/PUBLIC,/Users/dlev2617/Documents/Code/Agents/github-packages/READY-TO-UPLOAD/PUBLIC/paper-2002-03-road-capacity-and-the-allocation-of-time,data/derived_workbooks/modernized/copypatterns.xlsx,Sheet1,column_20,,mixed_numeric_text,50,act4 | 0 | 206.6 | 112.4 | 100.4,,,xlsx,medium,Some headers were missing; generated column_N names. Sampled first 104 non-empty rows from worksheet.
paper-2002-03,Road Capacity And The Allocation Of Time,READY-TO-UPLOAD/PUBLIC,/Users/dlev2617/Documents/Code/Agents/github-packages/READY-TO-UPLOAD/PUBLIC/paper-2002-03-road-capacity-and-the-allocation-of-time,data/derived_workbooks/modernized/copypatterns.xlsx,Sheet1,column_21,,mixed_numeric_text,50,Travel | 0 | 26.91 | 21.31 | 27.82,,,xlsx,medium,Some headers were missing; generated column_N names. Sampled first 104 non-empty rows from worksheet.
paper-2002-03,Road Capacity And The Allocation Of Time,READY-TO-UPLOAD/PUBLIC,/Users/dlev2617/Documents/Code/Agents/github-packages/READY-TO-UPLOAD/PUBLIC/paper-2002-03-road-capacity-and-the-allocation-of-time,data/derived_workbooks/modernized/elas90.xlsx,workers,column_1,,text,80,ALABAMA | KANSAS | TENNESSEE | OREGON | NORTH CAROLINA,,,xlsx,medium,Some headers were missing; generated column_N names. Sampled first 81 non-empty rows from worksheet.
paper-2002-03,Road Capacity And The Allocation Of Time,READY-TO-UPLOAD/PUBLIC,/Users/dlev2617/Documents/Code/Agents/github-packages/READY-TO-UPLOAD/PUBLIC/paper-2002-03-road-capacity-and-the-allocation-of-time,data/derived_workbooks/modernized/elas90.xlsx,workers,tt1,,numeric,80,3.094721 | -10.25068 | -8.508901 | -7.715763 | -6.393305,-93.90696,118.9427,xlsx,medium,Some headers were missing; generated column_N names. Sampled first 81 non-empty rows from worksheet.
paper-2002-03,Road Capacity And The Allocation Of Time,READY-TO-UPLOAD/PUBLIC,/Users/dlev2617/Documents/Code/Agents/github-packages/READY-TO-UPLOAD/PUBLIC/paper-2002-03-road-capacity-and-the-allocation-of-time,data/derived_workbooks/modernized/elas90.xlsx,workers,tt2,,numeric,80,3.326331 | -2.719125 | -0.0990619 | -0.1740221 | 2.841413,-5.210863,13.1286,xlsx,medium,Some headers were missing; generated column_N names. Sampled first 81 non-empty rows from worksheet.
paper-2002-03,Road Capacity And The Allocation Of Time,READY-TO-UPLOAD/PUBLIC,/Users/dlev2617/Documents/Code/Agents/github-packages/READY-TO-UPLOAD/PUBLIC/paper-2002-03-road-capacity-and-the-allocation-of-time,data/derived_workbooks/modernized/elas90.xlsx,workers,tt3,,numeric,80,-0.5184077 | -1.614739 | 0.0077725 | -0.9371783 | -1.24787,-3.63,6.532917,xlsx,medium,Some headers were missing; generated column_N names. Sampled first 81 non-empty rows from worksheet.
paper-2002-03,Road Capacity And The Allocation Of Time,READY-TO-UPLOAD/PUBLIC,/Users/dlev2617/Documents/Code/Agents/github-packages/READY-TO-UPLOAD/PUBLIC/paper-2002-03-road-capacity-and-the-allocation-of-time,data/derived_workbooks/modernized/elas90.xlsx,workers,tt4,,numeric,80,-0.99 | -0.58 | 0.29 | -0.54 | -3.99,-40.97,64.56,xlsx,medium,Some headers were missing; generated column_N names. Sampled first 81 non-empty rows from worksheet.
paper-2002-03,Road Capacity And The Allocation Of Time,READY-TO-UPLOAD/PUBLIC,/Users/dlev2617/Documents/Code/Agents/github-packages/READY-TO-UPLOAD/PUBLIC/paper-2002-03-road-capacity-and-the-allocation-of-time,data/derived_workbooks/modernized/elas90.xlsx,workers,act1,,numeric,80,25.34 | -80.65 | -14.07 | -21.74 | -23.25,-244.58,1149.66,xlsx,medium,Some headers were missing; generated column_N names. Sampled first 81 non-empty rows from worksheet.
paper-2002-03,Road Capacity And The Allocation Of Time,READY-TO-UPLOAD/PUBLIC,/Users/dlev2617/Documents/Code/Agents/github-packages/READY-TO-UPLOAD/PUBLIC/paper-2002-03-road-capacity-and-the-allocation-of-time,data/derived_workbooks/modernized/elas90.xlsx,workers,act2,,numeric,80,-28.95 | 80.53 | -30.47 | -10.15 | 23.41,-122.34,281.37,xlsx,medium,Some headers were missing; generated column_N names. Sampled first 81 non-empty rows from worksheet.
paper-2002-03,Road Capacity And The Allocation Of Time,READY-TO-UPLOAD/PUBLIC,/Users/dlev2617/Documents/Code/Agents/github-packages/READY-TO-UPLOAD/PUBLIC/paper-2002-03-road-capacity-and-the-allocation-of-time,data/derived_workbooks/modernized/elas90.xlsx,workers,act3,,numeric,80,-15.95 | -9.03 | 0.57 | 2.44 | -4.61,-20.17,31.88,xlsx,medium,Some headers were missing; generated column_N names. Sampled first 81 non-empty rows from worksheet.
paper-2002-03,Road Capacity And The Allocation Of Time,READY-TO-UPLOAD/PUBLIC,/Users/dlev2617/Documents/Code/Agents/github-packages/READY-TO-UPLOAD/PUBLIC/paper-2002-03-road-capacity-and-the-allocation-of-time,data/derived_workbooks/modernized/elas90.xlsx,workers,act4,,numeric,80,14.6473557 | 24.314544 | 52.2801904 | 38.8169634 | 13.239762,-97.419892,105.601704,xlsx,medium,Some headers were missing; generated column_N names. Sampled first 81 non-empty rows from worksheet.
paper-2002-03,Road Capacity And The Allocation Of Time,READY-TO-UPLOAD/PUBLIC,/Users/dlev2617/Documents/Code/Agents/github-packages/READY-TO-UPLOAD/PUBLIC/paper-2002-03-road-capacity-and-the-allocation-of-time,data/derived_workbooks/modernized/elas90.xlsx,workers,Average,,empty,0,,,,xlsx,medium,Some headers were missing; generated column_N names. Sampled first 81 non-empty rows from worksheet.
paper-2002-03,Road Capacity And The Allocation Of Time,READY-TO-UPLOAD/PUBLIC,/Users/dlev2617/Documents/Code/Agents/github-packages/READY-TO-UPLOAD/PUBLIC/paper-2002-03-road-capacity-and-the-allocation-of-time,data/derived_workbooks/modernized/elas90.xlsx,non-workers,column_1,,empty,0,,,,xlsx,medium,Some headers were missing; generated column_N names. Sampled first 81 non-empty rows from worksheet.
paper-2002-03,Road Capacity And The Allocation Of Time,READY-TO-UPLOAD/PUBLIC,/Users/dlev2617/Documents/Code/Agents/github-packages/READY-TO-UPLOAD/PUBLIC/paper-2002-03-road-capacity-and-the-allocation-of-time,data/derived_workbooks/modernized/elas90.xlsx,non-workers,column_2,,text,80,ALABAMA | KANSAS | TENNESSEE | OREGON | NORTH CAROLINA,,,xlsx,medium,Some headers were missing; generated column_N names. Sampled first 81 non-empty rows from worksheet.
paper-2002-03,Road Capacity And The Allocation Of Time,READY-TO-UPLOAD/PUBLIC,/Users/dlev2617/Documents/Code/Agents/github-packages/READY-TO-UPLOAD/PUBLIC/paper-2002-03-road-capacity-and-the-allocation-of-time,data/derived_workbooks/modernized/elas90.xlsx,non-workers,tt1,,numeric,80,-7.23 | 17.71 | -23.27 | -10.75 | -3.69,-24.5,56.08,xlsx,medium,Some headers were missing; generated column_N names. Sampled first 81 non-empty rows from worksheet.
paper-2002-03,Road Capacity And The Allocation Of Time,READY-TO-UPLOAD/PUBLIC,/Users/dlev2617/Documents/Code/Agents/github-packages/READY-TO-UPLOAD/PUBLIC/paper-2002-03-road-capacity-and-the-allocation-of-time,data/derived_workbooks/modernized/elas90.xlsx,non-workers,tt3,,numeric,80,-0.06 | -0.69 | 3.4 | -0.17 | -1.34,-4.94,10.09,xlsx,medium,Some headers were missing; generated column_N names. Sampled first 81 non-empty rows from worksheet.
paper-2002-03,Road Capacity And The Allocation Of Time,READY-TO-UPLOAD/PUBLIC,/Users/dlev2617/Documents/Code/Agents/github-packages/READY-TO-UPLOAD/PUBLIC/paper-2002-03-road-capacity-and-the-allocation-of-time,data/derived_workbooks/modernized/elas90.xlsx,non-workers,tt4,,numeric,80,8.99 | 8.54 | -4.84 | 10.37 | 3.91,-18.44,29.76,xlsx,medium,Some headers were missing; generated column_N names. Sampled first 81 non-empty rows from worksheet.
paper-2002-03,Road Capacity And The Allocation Of Time,READY-TO-UPLOAD/PUBLIC,/Users/dlev2617/Documents/Code/Agents/github-packages/READY-TO-UPLOAD/PUBLIC/paper-2002-03-road-capacity-and-the-allocation-of-time,data/derived_workbooks/modernized/elas90.xlsx,non-workers,act1,,numeric,80,-64.79 | -103.11 | 29.86 | -32.65 | 33.78,-106.11,1209.42,xlsx,medium,Some headers were missing; generated column_N names. Sampled first 81 non-empty rows from worksheet.
paper-2002-03,Road Capacity And The Allocation Of Time,READY-TO-UPLOAD/PUBLIC,/Users/dlev2617/Documents/Code/Agents/github-packages/READY-TO-UPLOAD/PUBLIC/paper-2002-03-road-capacity-and-the-allocation-of-time,data/derived_workbooks/modernized/elas90.xlsx,non-workers,act3,,numeric,80,16.37 | 32.35 | 1.97 | 13.07 | -2.38,-48.66,59.97,xlsx,medium,Some headers were missing; generated column_N names. Sampled first 81 non-empty rows from worksheet.
paper-2002-03,Road Capacity And The Allocation Of Time,READY-TO-UPLOAD/PUBLIC,/Users/dlev2617/Documents/Code/Agents/github-packages/READY-TO-UPLOAD/PUBLIC/paper-2002-03-road-capacity-and-the-allocation-of-time,data/derived_workbooks/modernized/elas90.xlsx,non-workers,act4,,numeric,80,46.72 | 45.2 | -7.12 | 20.13 | -30.28,-124.31,94.42,xlsx,medium,Some headers were missing; generated column_N names. Sampled first 81 non-empty rows from worksheet.
paper-2002-03,Road Capacity And The Allocation Of Time,READY-TO-UPLOAD/PUBLIC,/Users/dlev2617/Documents/Code/Agents/github-packages/READY-TO-UPLOAD/PUBLIC/paper-2002-03-road-capacity-and-the-allocation-of-time,data/derived_workbooks/modernized/elas90.xlsx,non-workers,Average,,empty,0,,,,xlsx,medium,Some headers were missing; generated column_N names. Sampled first 81 non-empty rows from worksheet.
paper-2002-03,Road Capacity And The Allocation Of Time,READY-TO-UPLOAD/PUBLIC,/Users/dlev2617/Documents/Code/Agents/github-packages/READY-TO-UPLOAD/PUBLIC/paper-2002-03-road-capacity-and-the-allocation-of-time,data/derived_workbooks/modernized/life.xlsx,Sheet1,LIFECYCLE,,numeric,10,1 | 2 | 3 | 4 | 5,1,10,xlsx,medium,Some headers were missing; generated column_N names. Sampled first 11 non-empty rows from worksheet.
paper-2002-03,Road Capacity And The Allocation Of Time,READY-TO-UPLOAD/PUBLIC,/Users/dlev2617/Documents/Code/Agents/github-packages/READY-TO-UPLOAD/PUBLIC/paper-2002-03-road-capacity-and-the-allocation-of-time,data/derived_workbooks/modernized/life.xlsx,Sheet1,column_2,,text,10,"1, NA | 2+, NA | 1, 0-5 | 2+, 0-5 | 1, 6-15",,,xlsx,medium,Some headers were missing; generated column_N names. Sampled first 11 non-empty rows from worksheet.
paper-2002-03,Road Capacity And The Allocation Of Time,READY-TO-UPLOAD/PUBLIC,/Users/dlev2617/Documents/Code/Agents/github-packages/READY-TO-UPLOAD/PUBLIC/paper-2002-03-road-capacity-and-the-allocation-of-time,data/derived_workbooks/modernized/non-workcopypatterns.xlsx,Sheet1,column_1,,mixed_numeric_text,72,Patterns | HSH | HOH | HSOH | HOSH,,,xlsx,medium,Some headers were missing; generated column_N names. Sampled first 74 non-empty rows from worksheet.
paper-2002-03,Road Capacity And The Allocation Of Time,READY-TO-UPLOAD/PUBLIC,/Users/dlev2617/Documents/Code/Agents/github-packages/READY-TO-UPLOAD/PUBLIC/paper-2002-03-road-capacity-and-the-allocation-of-time,data/derived_workbooks/modernized/non-workcopypatterns.xlsx,Sheet1,column_2,,mixed_numeric_text,21,Observations | 522 | 1046 | 99 | 161,,,xlsx,medium,Some headers were missing; generated column_N names. Sampled first 74 non-empty rows from worksheet.
paper-2002-03,Road Capacity And The Allocation Of Time,READY-TO-UPLOAD/PUBLIC,/Users/dlev2617/Documents/Code/Agents/github-packages/READY-TO-UPLOAD/PUBLIC/paper-2002-03-road-capacity-and-the-allocation-of-time,data/derived_workbooks/modernized/non-workcopypatterns.xlsx,Sheet1,column_3,,mixed_numeric_text,21,tt1 | 11.99 | 19.81 | 18.14 | 13.26,,,xlsx,medium,Some headers were missing; generated column_N names. Sampled first 74 non-empty rows from worksheet.
paper-2002-03,Road Capacity And The Allocation Of Time,READY-TO-UPLOAD/PUBLIC,/Users/dlev2617/Documents/Code/Agents/github-packages/READY-TO-UPLOAD/PUBLIC/paper-2002-03-road-capacity-and-the-allocation-of-time,data/derived_workbooks/modernized/non-workcopypatterns.xlsx,Sheet1,column_4,,mixed_numeric_text,20,tt2 | 0,,,xlsx,medium,Some headers were missing; generated column_N names. Sampled first 74 non-empty rows from worksheet.
paper-2002-03,Road Capacity And The Allocation Of Time,READY-TO-UPLOAD/PUBLIC,/Users/dlev2617/Documents/Code/Agents/github-packages/READY-TO-UPLOAD/PUBLIC/paper-2002-03-road-capacity-and-the-allocation-of-time,data/derived_workbooks/modernized/non-workcopypatterns.xlsx,Sheet1,column_5,,mixed_numeric_text,20,tt3 | 11.71 | 0 | 12.95 | 13.07,,,xlsx,medium,Some headers were missing; generated column_N names. Sampled first 74 non-empty rows from worksheet.
paper-2002-03,Road Capacity And The Allocation Of Time,READY-TO-UPLOAD/PUBLIC,/Users/dlev2617/Documents/Code/Agents/github-packages/READY-TO-UPLOAD/PUBLIC/paper-2002-03-road-capacity-and-the-allocation-of-time,data/derived_workbooks/modernized/non-workcopypatterns.xlsx,Sheet1,WORKERS,,mixed_numeric_text,20,tt4 | 0 | 19.41 | 15.35 | 15.4,,,xlsx,medium,Some headers were missing; generated column_N names. Sampled first 74 non-empty rows from worksheet.
paper-2002-03,Road Capacity And The Allocation Of Time,READY-TO-UPLOAD/PUBLIC,/Users/dlev2617/Documents/Code/Agents/github-packages/READY-TO-UPLOAD/PUBLIC/paper-2002-03-road-capacity-and-the-allocation-of-time,data/derived_workbooks/modernized/non-workcopypatterns.xlsx,Sheet1,column_7,,mixed_numeric_text,20,act1 | 1360 | 1192 | 1199 | 1269,,,xlsx,medium,Some headers were missing; generated column_N names. Sampled first 74 non-empty rows from worksheet.
paper-2002-03,Road Capacity And The Allocation Of Time,READY-TO-UPLOAD/PUBLIC,/Users/dlev2617/Documents/Code/Agents/github-packages/READY-TO-UPLOAD/PUBLIC/paper-2002-03-road-capacity-and-the-allocation-of-time,data/derived_workbooks/modernized/non-workcopypatterns.xlsx,Sheet1,column_8,,mixed_numeric_text,20,act2 | 0,,,xlsx,medium,Some headers were missing; generated column_N names. Sampled first 74 non-empty rows from worksheet.
paper-2002-03,Road Capacity And The Allocation Of Time,READY-TO-UPLOAD/PUBLIC,/Users/dlev2617/Documents/Code/Agents/github-packages/READY-TO-UPLOAD/PUBLIC/paper-2002-03-road-capacity-and-the-allocation-of-time,data/derived_workbooks/modernized/non-workcopypatterns.xlsx,Sheet1,column_9,,mixed_numeric_text,20,act3 | 55.52 | 0 | 55.05 | 40.46,,,xlsx,medium,Some headers were missing; generated column_N names. Sampled first 74 non-empty rows from worksheet.
paper-2002-03,Road Capacity And The Allocation Of Time,READY-TO-UPLOAD/PUBLIC,/Users/dlev2617/Documents/Code/Agents/github-packages/READY-TO-UPLOAD/PUBLIC/paper-2002-03-road-capacity-and-the-allocation-of-time,data/derived_workbooks/modernized/non-workcopypatterns.xlsx,Sheet1,column_10,,mixed_numeric_text,20,act4 | 0 | 208.5 | 138.83 | 88.34,,,xlsx,medium,Some headers were missing; generated column_N names. Sampled first 74 non-empty rows from worksheet.
paper-2002-03,Road Capacity And The Allocation Of Time,READY-TO-UPLOAD/PUBLIC,/Users/dlev2617/Documents/Code/Agents/github-packages/READY-TO-UPLOAD/PUBLIC/paper-2002-03-road-capacity-and-the-allocation-of-time,data/derived_workbooks/modernized/non-workcopypatterns.xlsx,Sheet1,column_11,,mixed_numeric_text,20,Travel | 23.7 | 39.22 | 46.44 | 41.73,,,xlsx,medium,Some headers were missing; generated column_N names. Sampled first 74 non-empty rows from worksheet.
paper-2002-03,Road Capacity And The Allocation Of Time,READY-TO-UPLOAD/PUBLIC,/Users/dlev2617/Documents/Code/Agents/github-packages/READY-TO-UPLOAD/PUBLIC/paper-2002-03-road-capacity-and-the-allocation-of-time,data/derived_workbooks/modernized/non-workcopypatterns.xlsx,Sheet1,column_12,,mixed_numeric_text,21,Observations | 322 | 704 | 47 | 128,,,xlsx,medium,Some headers were missing; generated column_N names. Sampled first 74 non-empty rows from worksheet.
paper-2002-03,Road Capacity And The Allocation Of Time,READY-TO-UPLOAD/PUBLIC,/Users/dlev2617/Documents/Code/Agents/github-packages/READY-TO-UPLOAD/PUBLIC/paper-2002-03-road-capacity-and-the-allocation-of-time,data/derived_workbooks/modernized/non-workcopypatterns.xlsx,Sheet1,column_13,,mixed_numeric_text,20,tt1 | 13.6 | 21.31 | 15.89 | 13.49,,,xlsx,medium,Some headers were missing; generated column_N names. Sampled first 74 non-empty rows from worksheet.
paper-2002-03,Road Capacity And The Allocation Of Time,READY-TO-UPLOAD/PUBLIC,/Users/dlev2617/Documents/Code/Agents/github-packages/READY-TO-UPLOAD/PUBLIC/paper-2002-03-road-capacity-and-the-allocation-of-time,data/derived_workbooks/modernized/non-workcopypatterns.xlsx,Sheet1,column_14,,mixed_numeric_text,20,tt2 | 0,,,xlsx,medium,Some headers were missing; generated column_N names. Sampled first 74 non-empty rows from worksheet.
paper-2002-03,Road Capacity And The Allocation Of Time,READY-TO-UPLOAD/PUBLIC,/Users/dlev2617/Documents/Code/Agents/github-packages/READY-TO-UPLOAD/PUBLIC/paper-2002-03-road-capacity-and-the-allocation-of-time,data/derived_workbooks/modernized/non-workcopypatterns.xlsx,Sheet1,NON WORKERS,,mixed_numeric_text,20,tt3 | 13.31 | 0 | 11.93 | 11.72,,,xlsx,medium,Some headers were missing; generated column_N names. Sampled first 74 non-empty rows from worksheet.
paper-2002-03,Road Capacity And The Allocation Of Time,READY-TO-UPLOAD/PUBLIC,/Users/dlev2617/Documents/Code/Agents/github-packages/READY-TO-UPLOAD/PUBLIC/paper-2002-03-road-capacity-and-the-allocation-of-time,data/derived_workbooks/modernized/non-workcopypatterns.xlsx,Sheet1,NON-WORKERS,,mixed_numeric_text,20,tt4 | 0 | 20.58 | 12.89 | 16.1,,,xlsx,medium,Some headers were missing; generated column_N names. Sampled first 74 non-empty rows from worksheet.
paper-2002-03,Road Capacity And The Allocation Of Time,READY-TO-UPLOAD/PUBLIC,/Users/dlev2617/Documents/Code/Agents/github-packages/READY-TO-UPLOAD/PUBLIC/paper-2002-03-road-capacity-and-the-allocation-of-time,data/derived_workbooks/modernized/non-workcopypatterns.xlsx,Sheet1,column_17,,mixed_numeric_text,20,act1 | 1350 | 1192 | 1247 | 1299,,,xlsx,medium,Some headers were missing; generated column_N names. Sampled first 74 non-empty rows from worksheet.
paper-2002-03,Road Capacity And The Allocation Of Time,READY-TO-UPLOAD/PUBLIC,/Users/dlev2617/Documents/Code/Agents/github-packages/READY-TO-UPLOAD/PUBLIC/paper-2002-03-road-capacity-and-the-allocation-of-time,data/derived_workbooks/modernized/non-workcopypatterns.xlsx,Sheet1,column_18,,mixed_numeric_text,20,act2 | 0,,,xlsx,medium,Some headers were missing; generated column_N names. Sampled first 74 non-empty rows from worksheet.
paper-2002-03,Road Capacity And The Allocation Of Time,READY-TO-UPLOAD/PUBLIC,/Users/dlev2617/Documents/Code/Agents/github-packages/READY-TO-UPLOAD/PUBLIC/paper-2002-03-road-capacity-and-the-allocation-of-time,data/derived_workbooks/modernized/non-workcopypatterns.xlsx,Sheet1,column_19,,mixed_numeric_text,20,act3 | 62.93 | 0 | 39.63 | 50.76,,,xlsx,medium,Some headers were missing; generated column_N names. Sampled first 74 non-empty rows from worksheet.
paper-2002-03,Road Capacity And The Allocation Of Time,READY-TO-UPLOAD/PUBLIC,/Users/dlev2617/Documents/Code/Agents/github-packages/READY-TO-UPLOAD/PUBLIC/paper-2002-03-road-capacity-and-the-allocation-of-time,data/derived_workbooks/modernized/non-workcopypatterns.xlsx,Sheet1,column_20,,mixed_numeric_text,20,act4 | 0 | 206.6 | 112.4 | 100.4,,,xlsx,medium,Some headers were missing; generated column_N names. Sampled first 74 non-empty rows from worksheet.
paper-2002-03,Road Capacity And The Allocation Of Time,READY-TO-UPLOAD/PUBLIC,/Users/dlev2617/Documents/Code/Agents/github-packages/READY-TO-UPLOAD/PUBLIC/paper-2002-03-road-capacity-and-the-allocation-of-time,data/derived_workbooks/modernized/non-workcopypatterns.xlsx,Sheet1,column_21,,mixed_numeric_text,20,Travel | 26.91 | 21.31 | 27.82 | 25.21,,,xlsx,medium,Some headers were missing; generated column_N names. Sampled first 74 non-empty rows from worksheet.
paper-2002-03,Road Capacity And The Allocation Of Time,READY-TO-UPLOAD/PUBLIC,/Users/dlev2617/Documents/Code/Agents/github-packages/READY-TO-UPLOAD/PUBLIC/paper-2002-03-road-capacity-and-the-allocation-of-time,data/derived_workbooks/modernized/othercopypatterns.xlsx,Sheet1,column_1,,mixed_numeric_text,88,Patterns | HOH | HWOH | HOWH | HSOH,,,xlsx,medium,Some headers were missing; generated column_N names. Sampled first 90 non-empty rows from worksheet.
paper-2002-03,Road Capacity And The Allocation Of Time,READY-TO-UPLOAD/PUBLIC,/Users/dlev2617/Documents/Code/Agents/github-packages/READY-TO-UPLOAD/PUBLIC/paper-2002-03-road-capacity-and-the-allocation-of-time,data/derived_workbooks/modernized/othercopypatterns.xlsx,Sheet1,column_2,,mixed_numeric_text,37,Observations | 1046 | 587 | 285 | 99,,,xlsx,medium,Some headers were missing; generated column_N names. Sampled first 90 non-empty rows from worksheet.
paper-2002-03,Road Capacity And The Allocation Of Time,READY-TO-UPLOAD/PUBLIC,/Users/dlev2617/Documents/Code/Agents/github-packages/READY-TO-UPLOAD/PUBLIC/paper-2002-03-road-capacity-and-the-allocation-of-time,data/derived_workbooks/modernized/othercopypatterns.xlsx,Sheet1,column_3,,mixed_numeric_text,37,tt1 | 19.81 | 18.49 | 24.95 | 18.14,,,xlsx,medium,Some headers were missing; generated column_N names. Sampled first 90 non-empty rows from worksheet.
paper-2002-03,Road Capacity And The Allocation Of Time,READY-TO-UPLOAD/PUBLIC,/Users/dlev2617/Documents/Code/Agents/github-packages/READY-TO-UPLOAD/PUBLIC/paper-2002-03-road-capacity-and-the-allocation-of-time,data/derived_workbooks/modernized/othercopypatterns.xlsx,Sheet1,column_4,,mixed_numeric_text,36,tt2 | 0 | 23.31 | 21.69 | 56,,,xlsx,medium,Some headers were missing; generated column_N names. Sampled first 90 non-empty rows from worksheet.
paper-2002-03,Road Capacity And The Allocation Of Time,READY-TO-UPLOAD/PUBLIC,/Users/dlev2617/Documents/Code/Agents/github-packages/READY-TO-UPLOAD/PUBLIC/paper-2002-03-road-capacity-and-the-allocation-of-time,data/derived_workbooks/modernized/othercopypatterns.xlsx,Sheet1,column_5,,mixed_numeric_text,36,tt3 | 0 | 12.95 | 13.07 | 13,,,xlsx,medium,Some headers were missing; generated column_N names. Sampled first 90 non-empty rows from worksheet.
paper-2002-03,Road Capacity And The Allocation Of Time,READY-TO-UPLOAD/PUBLIC,/Users/dlev2617/Documents/Code/Agents/github-packages/READY-TO-UPLOAD/PUBLIC/paper-2002-03-road-capacity-and-the-allocation-of-time,data/derived_workbooks/modernized/othercopypatterns.xlsx,Sheet1,WORKERS,,mixed_numeric_text,36,tt4 | 19.41 | 19.54 | 14.01 | 15.35,,,xlsx,medium,Some headers were missing; generated column_N names. Sampled first 90 non-empty rows from worksheet.
paper-2002-03,Road Capacity And The Allocation Of Time,READY-TO-UPLOAD/PUBLIC,/Users/dlev2617/Documents/Code/Agents/github-packages/READY-TO-UPLOAD/PUBLIC/paper-2002-03-road-capacity-and-the-allocation-of-time,data/derived_workbooks/modernized/othercopypatterns.xlsx,Sheet1,column_7,,mixed_numeric_text,36,act1 | 1192 | 787.7 | 821.7 | 1199,,,xlsx,medium,Some headers were missing; generated column_N names. Sampled first 90 non-empty rows from worksheet.
paper-2002-03,Road Capacity And The Allocation Of Time,READY-TO-UPLOAD/PUBLIC,/Users/dlev2617/Documents/Code/Agents/github-packages/READY-TO-UPLOAD/PUBLIC/paper-2002-03-road-capacity-and-the-allocation-of-time,data/derived_workbooks/modernized/othercopypatterns.xlsx,Sheet1,column_8,,mixed_numeric_text,36,act2 | 0 | 499.6 | 490.1 | 485,,,xlsx,medium,Some headers were missing; generated column_N names. Sampled first 90 non-empty rows from worksheet.
paper-2002-03,Road Capacity And The Allocation Of Time,READY-TO-UPLOAD/PUBLIC,/Users/dlev2617/Documents/Code/Agents/github-packages/READY-TO-UPLOAD/PUBLIC/paper-2002-03-road-capacity-and-the-allocation-of-time,data/derived_workbooks/modernized/othercopypatterns.xlsx,Sheet1,column_9,,mixed_numeric_text,36,act3 | 0 | 55.05 | 40.46 | 46,,,xlsx,medium,Some headers were missing; generated column_N names. Sampled first 90 non-empty rows from worksheet.
paper-2002-03,Road Capacity And The Allocation Of Time,READY-TO-UPLOAD/PUBLIC,/Users/dlev2617/Documents/Code/Agents/github-packages/READY-TO-UPLOAD/PUBLIC/paper-2002-03-road-capacity-and-the-allocation-of-time,data/derived_workbooks/modernized/othercopypatterns.xlsx,Sheet1,column_10,,mixed_numeric_text,36,act4 | 208.5 | 91.38 | 67.46 | 138.83,,,xlsx,medium,Some headers were missing; generated column_N names. Sampled first 90 non-empty rows from worksheet.
paper-2002-03,Road Capacity And The Allocation Of Time,READY-TO-UPLOAD/PUBLIC,/Users/dlev2617/Documents/Code/Agents/github-packages/READY-TO-UPLOAD/PUBLIC/paper-2002-03-road-capacity-and-the-allocation-of-time,data/derived_workbooks/modernized/othercopypatterns.xlsx,Sheet1,column_11,,mixed_numeric_text,36,Travel | 39.22 | 61.34 | 60.65 | 46.44,,,xlsx,medium,Some headers were missing; generated column_N names. Sampled first 90 non-empty rows from worksheet.
paper-2002-03,Road Capacity And The Allocation Of Time,READY-TO-UPLOAD/PUBLIC,/Users/dlev2617/Documents/Code/Agents/github-packages/READY-TO-UPLOAD/PUBLIC/paper-2002-03-road-capacity-and-the-allocation-of-time,data/derived_workbooks/modernized/othercopypatterns.xlsx,Sheet1,column_12,,mixed_numeric_text,37,Observations | 704 | 0 | 47 | 128,,,xlsx,medium,Some headers were missing; generated column_N names. Sampled first 90 non-empty rows from worksheet.
paper-2002-03,Road Capacity And The Allocation Of Time,READY-TO-UPLOAD/PUBLIC,/Users/dlev2617/Documents/Code/Agents/github-packages/READY-TO-UPLOAD/PUBLIC/paper-2002-03-road-capacity-and-the-allocation-of-time,data/derived_workbooks/modernized/othercopypatterns.xlsx,Sheet1,column_13,,mixed_numeric_text,36,tt1 | 21.31 | 0 | 15.89 | 13.49,,,xlsx,medium,Some headers were missing; generated column_N names. Sampled first 90 non-empty rows from worksheet.
paper-2002-03,Road Capacity And The Allocation Of Time,READY-TO-UPLOAD/PUBLIC,/Users/dlev2617/Documents/Code/Agents/github-packages/READY-TO-UPLOAD/PUBLIC/paper-2002-03-road-capacity-and-the-allocation-of-time,data/derived_workbooks/modernized/othercopypatterns.xlsx,Sheet1,column_14,,mixed_numeric_text,36,tt2 | 0,,,xlsx,medium,Some headers were missing; generated column_N names. Sampled first 90 non-empty rows from worksheet.
paper-2002-03,Road Capacity And The Allocation Of Time,READY-TO-UPLOAD/PUBLIC,/Users/dlev2617/Documents/Code/Agents/github-packages/READY-TO-UPLOAD/PUBLIC/paper-2002-03-road-capacity-and-the-allocation-of-time,data/derived_workbooks/modernized/othercopypatterns.xlsx,Sheet1,NON WORKERS,,mixed_numeric_text,36,tt3 | 0 | 11.93 | 11.72 | 33,,,xlsx,medium,Some headers were missing; generated column_N names. Sampled first 90 non-empty rows from worksheet.
paper-2002-03,Road Capacity And The Allocation Of Time,READY-TO-UPLOAD/PUBLIC,/Users/dlev2617/Documents/Code/Agents/github-packages/READY-TO-UPLOAD/PUBLIC/paper-2002-03-road-capacity-and-the-allocation-of-time,data/derived_workbooks/modernized/othercopypatterns.xlsx,Sheet1,NON-WORKERS,,mixed_numeric_text,24,tt4 | 20.58 | 0 | 12.89 | 16.1,,,xlsx,medium,Some headers were missing; generated column_N names. Sampled first 90 non-empty rows from worksheet.
paper-2002-03,Road Capacity And The Allocation Of Time,READY-TO-UPLOAD/PUBLIC,/Users/dlev2617/Documents/Code/Agents/github-packages/READY-TO-UPLOAD/PUBLIC/paper-2002-03-road-capacity-and-the-allocation-of-time,data/derived_workbooks/modernized/othercopypatterns.xlsx,Sheet1,column_17,,mixed_numeric_text,36,act1 | 1192 | 0 | 1247 | 1145,,,xlsx,medium,Some headers were missing; generated column_N names. Sampled first 90 non-empty rows from worksheet.
paper-2002-03,Road Capacity And The Allocation Of Time,READY-TO-UPLOAD/PUBLIC,/Users/dlev2617/Documents/Code/Agents/github-packages/READY-TO-UPLOAD/PUBLIC/paper-2002-03-road-capacity-and-the-allocation-of-time,data/derived_workbooks/modernized/othercopypatterns.xlsx,Sheet1,column_18,,mixed_numeric_text,36,act2 | 0,,,xlsx,medium,Some headers were missing; generated column_N names. Sampled first 90 non-empty rows from worksheet.
paper-2002-03,Road Capacity And The Allocation Of Time,READY-TO-UPLOAD/PUBLIC,/Users/dlev2617/Documents/Code/Agents/github-packages/READY-TO-UPLOAD/PUBLIC/paper-2002-03-road-capacity-and-the-allocation-of-time,data/derived_workbooks/modernized/othercopypatterns.xlsx,Sheet1,column_19,,mixed_numeric_text,36,act3 | 0 | 39.63 | 50.76 | 110,,,xlsx,medium,Some headers were missing; generated column_N names. Sampled first 90 non-empty rows from worksheet.
paper-2002-03,Road Capacity And The Allocation Of Time,READY-TO-UPLOAD/PUBLIC,/Users/dlev2617/Documents/Code/Agents/github-packages/READY-TO-UPLOAD/PUBLIC/paper-2002-03-road-capacity-and-the-allocation-of-time,data/derived_workbooks/modernized/othercopypatterns.xlsx,Sheet1,column_20,,mixed_numeric_text,36,act4 | 206.6 | 0 | 112.4 | 100.4,,,xlsx,medium,Some headers were missing; generated column_N names. Sampled first 90 non-empty rows from worksheet.
paper-2002-03,Road Capacity And The Allocation Of Time,READY-TO-UPLOAD/PUBLIC,/Users/dlev2617/Documents/Code/Agents/github-packages/READY-TO-UPLOAD/PUBLIC/paper-2002-03-road-capacity-and-the-allocation-of-time,data/derived_workbooks/modernized/othercopypatterns.xlsx,Sheet1,column_21,,mixed_numeric_text,36,Travel | 21.31 | 0 | 27.82 | 25.21,,,xlsx,medium,Some headers were missing; generated column_N names. Sampled first 90 non-empty rows from worksheet.
paper-2002-03,Road Capacity And The Allocation Of Time,READY-TO-UPLOAD/PUBLIC,/Users/dlev2617/Documents/Code/Agents/github-packages/READY-TO-UPLOAD/PUBLIC/paper-2002-03-road-capacity-and-the-allocation-of-time,data/derived_workbooks/modernized/othernwcopypatterns.xlsx,Sheet1,column_1,,mixed_numeric_text,68,Patterns | HOH | HSOH | HOSH | HOOH,,,xlsx,medium,Some headers were missing; generated column_N names. Sampled first 70 non-empty rows from worksheet.
paper-2002-03,Road Capacity And The Allocation Of Time,READY-TO-UPLOAD/PUBLIC,/Users/dlev2617/Documents/Code/Agents/github-packages/READY-TO-UPLOAD/PUBLIC/paper-2002-03-road-capacity-and-the-allocation-of-time,data/derived_workbooks/modernized/othernwcopypatterns.xlsx,Sheet1,column_2,,mixed_numeric_text,17,Observations | 1046 | 99 | 161 | 239,,,xlsx,medium,Some headers were missing; generated column_N names. Sampled first 70 non-empty rows from worksheet.
paper-2002-03,Road Capacity And The Allocation Of Time,READY-TO-UPLOAD/PUBLIC,/Users/dlev2617/Documents/Code/Agents/github-packages/READY-TO-UPLOAD/PUBLIC/paper-2002-03-road-capacity-and-the-allocation-of-time,data/derived_workbooks/modernized/othernwcopypatterns.xlsx,Sheet1,column_3,,mixed_numeric_text,17,tt1 | 19.81 | 18.14 | 13.26 | 20.47,,,xlsx,medium,Some headers were missing; generated column_N names. Sampled first 70 non-empty rows from worksheet.
paper-2002-03,Road Capacity And The Allocation Of Time,READY-TO-UPLOAD/PUBLIC,/Users/dlev2617/Documents/Code/Agents/github-packages/READY-TO-UPLOAD/PUBLIC/paper-2002-03-road-capacity-and-the-allocation-of-time,data/derived_workbooks/modernized/othernwcopypatterns.xlsx,Sheet1,column_4,,mixed_numeric_text,16,tt2 | 0,,,xlsx,medium,Some headers were missing; generated column_N names. Sampled first 70 non-empty rows from worksheet.
paper-2002-03,Road Capacity And The Allocation Of Time,READY-TO-UPLOAD/PUBLIC,/Users/dlev2617/Documents/Code/Agents/github-packages/READY-TO-UPLOAD/PUBLIC/paper-2002-03-road-capacity-and-the-allocation-of-time,data/derived_workbooks/modernized/othernwcopypatterns.xlsx,Sheet1,column_5,,mixed_numeric_text,16,tt3 | 0 | 12.95 | 13.07 | 19,,,xlsx,medium,Some headers were missing; generated column_N names. Sampled first 70 non-empty rows from worksheet.
paper-2002-03,Road Capacity And The Allocation Of Time,READY-TO-UPLOAD/PUBLIC,/Users/dlev2617/Documents/Code/Agents/github-packages/READY-TO-UPLOAD/PUBLIC/paper-2002-03-road-capacity-and-the-allocation-of-time,data/derived_workbooks/modernized/othernwcopypatterns.xlsx,Sheet1,WORKERS,,mixed_numeric_text,16,tt4 | 19.41 | 15.35 | 15.4 | 35.31,,,xlsx,medium,Some headers were missing; generated column_N names. Sampled first 70 non-empty rows from worksheet.
paper-2002-03,Road Capacity And The Allocation Of Time,READY-TO-UPLOAD/PUBLIC,/Users/dlev2617/Documents/Code/Agents/github-packages/READY-TO-UPLOAD/PUBLIC/paper-2002-03-road-capacity-and-the-allocation-of-time,data/derived_workbooks/modernized/othernwcopypatterns.xlsx,Sheet1,column_7,,mixed_numeric_text,16,act1 | 1192 | 1199 | 1269 | 1138,,,xlsx,medium,Some headers were missing; generated column_N names. Sampled first 70 non-empty rows from worksheet.
paper-2002-03,Road Capacity And The Allocation Of Time,READY-TO-UPLOAD/PUBLIC,/Users/dlev2617/Documents/Code/Agents/github-packages/READY-TO-UPLOAD/PUBLIC/paper-2002-03-road-capacity-and-the-allocation-of-time,data/derived_workbooks/modernized/othernwcopypatterns.xlsx,Sheet1,column_8,,mixed_numeric_text,16,act2 | 0,,,xlsx,medium,Some headers were missing; generated column_N names. Sampled first 70 non-empty rows from worksheet.
paper-2002-03,Road Capacity And The Allocation Of Time,READY-TO-UPLOAD/PUBLIC,/Users/dlev2617/Documents/Code/Agents/github-packages/READY-TO-UPLOAD/PUBLIC/paper-2002-03-road-capacity-and-the-allocation-of-time,data/derived_workbooks/modernized/othernwcopypatterns.xlsx,Sheet1,column_9,,mixed_numeric_text,16,act3 | 0 | 55.05 | 40.46 | 79,,,xlsx,medium,Some headers were missing; generated column_N names. Sampled first 70 non-empty rows from worksheet.
paper-2002-03,Road Capacity And The Allocation Of Time,READY-TO-UPLOAD/PUBLIC,/Users/dlev2617/Documents/Code/Agents/github-packages/READY-TO-UPLOAD/PUBLIC/paper-2002-03-road-capacity-and-the-allocation-of-time,data/derived_workbooks/modernized/othernwcopypatterns.xlsx,Sheet1,column_10,,mixed_numeric_text,16,act4 | 208.5 | 138.83 | 88.34 | 246.1,,,xlsx,medium,Some headers were missing; generated column_N names. Sampled first 70 non-empty rows from worksheet.
paper-2002-03,Road Capacity And The Allocation Of Time,READY-TO-UPLOAD/PUBLIC,/Users/dlev2617/Documents/Code/Agents/github-packages/READY-TO-UPLOAD/PUBLIC/paper-2002-03-road-capacity-and-the-allocation-of-time,data/derived_workbooks/modernized/othernwcopypatterns.xlsx,Sheet1,column_11,,mixed_numeric_text,16,Travel | 39.22 | 46.44 | 41.73 | 55.78,,,xlsx,medium,Some headers were missing; generated column_N names. Sampled first 70 non-empty rows from worksheet.
paper-2002-03,Road Capacity And The Allocation Of Time,READY-TO-UPLOAD/PUBLIC,/Users/dlev2617/Documents/Code/Agents/github-packages/READY-TO-UPLOAD/PUBLIC/paper-2002-03-road-capacity-and-the-allocation-of-time,data/derived_workbooks/modernized/othernwcopypatterns.xlsx,Sheet1,column_12,,mixed_numeric_text,17,Observations | 704 | 47 | 128 | 161,,,xlsx,medium,Some headers were missing; generated column_N names. Sampled first 70 non-empty rows from worksheet.
paper-2002-03,Road Capacity And The Allocation Of Time,READY-TO-UPLOAD/PUBLIC,/Users/dlev2617/Documents/Code/Agents/github-packages/READY-TO-UPLOAD/PUBLIC/paper-2002-03-road-capacity-and-the-allocation-of-time,data/derived_workbooks/modernized/othernwcopypatterns.xlsx,Sheet1,column_13,,mixed_numeric_text,16,tt1 | 21.31 | 15.89 | 13.49 | 19.31,,,xlsx,medium,Some headers were missing; generated column_N names. Sampled first 70 non-empty rows from worksheet.
paper-2002-03,Road Capacity And The Allocation Of Time,READY-TO-UPLOAD/PUBLIC,/Users/dlev2617/Documents/Code/Agents/github-packages/READY-TO-UPLOAD/PUBLIC/paper-2002-03-road-capacity-and-the-allocation-of-time,data/derived_workbooks/modernized/othernwcopypatterns.xlsx,Sheet1,column_14,,mixed_numeric_text,16,tt2 | 0,,,xlsx,medium,Some headers were missing; generated column_N names. Sampled first 70 non-empty rows from worksheet.
paper-2002-03,Road Capacity And The Allocation Of Time,READY-TO-UPLOAD/PUBLIC,/Users/dlev2617/Documents/Code/Agents/github-packages/READY-TO-UPLOAD/PUBLIC/paper-2002-03-road-capacity-and-the-allocation-of-time,data/derived_workbooks/modernized/othernwcopypatterns.xlsx,Sheet1,NON WORKERS,,mixed_numeric_text,16,tt3 | 0 | 11.93 | 11.72 | 33,,,xlsx,medium,Some headers were missing; generated column_N names. Sampled first 70 non-empty rows from worksheet.
paper-2002-03,Road Capacity And The Allocation Of Time,READY-TO-UPLOAD/PUBLIC,/Users/dlev2617/Documents/Code/Agents/github-packages/READY-TO-UPLOAD/PUBLIC/paper-2002-03-road-capacity-and-the-allocation-of-time,data/derived_workbooks/modernized/othernwcopypatterns.xlsx,Sheet1,NON-WORKERS,,mixed_numeric_text,16,tt4 | 20.58 | 12.89 | 16.1 | 34,,,xlsx,medium,Some headers were missing; generated column_N names. Sampled first 70 non-empty rows from worksheet.
paper-2002-03,Road Capacity And The Allocation Of Time,READY-TO-UPLOAD/PUBLIC,/Users/dlev2617/Documents/Code/Agents/github-packages/READY-TO-UPLOAD/PUBLIC/paper-2002-03-road-capacity-and-the-allocation-of-time,data/derived_workbooks/modernized/othernwcopypatterns.xlsx,Sheet1,column_17,,mixed_numeric_text,16,act1 | 1192 | 1247 | 1145 | 1217,,,xlsx,medium,Some headers were missing; generated column_N names. Sampled first 70 non-empty rows from worksheet.
paper-2002-03,Road Capacity And The Allocation Of Time,READY-TO-UPLOAD/PUBLIC,/Users/dlev2617/Documents/Code/Agents/github-packages/READY-TO-UPLOAD/PUBLIC/paper-2002-03-road-capacity-and-the-allocation-of-time,data/derived_workbooks/modernized/othernwcopypatterns.xlsx,Sheet1,column_18,,mixed_numeric_text,16,act2 | 0,,,xlsx,medium,Some headers were missing; generated column_N names. Sampled first 70 non-empty rows from worksheet.
paper-2002-03,Road Capacity And The Allocation Of Time,READY-TO-UPLOAD/PUBLIC,/Users/dlev2617/Documents/Code/Agents/github-packages/READY-TO-UPLOAD/PUBLIC/paper-2002-03-road-capacity-and-the-allocation-of-time,data/derived_workbooks/modernized/othernwcopypatterns.xlsx,Sheet1,column_19,,mixed_numeric_text,16,act3 | 0 | 39.63 | 50.76 | 110,,,xlsx,medium,Some headers were missing; generated column_N names. Sampled first 70 non-empty rows from worksheet.
paper-2002-03,Road Capacity And The Allocation Of Time,READY-TO-UPLOAD/PUBLIC,/Users/dlev2617/Documents/Code/Agents/github-packages/READY-TO-UPLOAD/PUBLIC/paper-2002-03-road-capacity-and-the-allocation-of-time,data/derived_workbooks/modernized/othernwcopypatterns.xlsx,Sheet1,column_20,,mixed_numeric_text,16,act4 | 206.6 | 112.4 | 100.4 | 241.15,,,xlsx,medium,Some headers were missing; generated column_N names. Sampled first 70 non-empty rows from worksheet.
paper-2002-03,Road Capacity And The Allocation Of Time,READY-TO-UPLOAD/PUBLIC,/Users/dlev2617/Documents/Code/Agents/github-packages/READY-TO-UPLOAD/PUBLIC/paper-2002-03-road-capacity-and-the-allocation-of-time,data/derived_workbooks/modernized/othernwcopypatterns.xlsx,Sheet1,column_21,,mixed_numeric_text,16,Travel | 21.31 | 27.82 | 25.21 | 19.31,,,xlsx,medium,Some headers were missing; generated column_N names. Sampled first 70 non-empty rows from worksheet.
paper-2002-03,Road Capacity And The Allocation Of Time,READY-TO-UPLOAD/PUBLIC,/Users/dlev2617/Documents/Code/Agents/github-packages/READY-TO-UPLOAD/PUBLIC/paper-2002-03-road-capacity-and-the-allocation-of-time,data/derived_workbooks/modernized/shopcopypatterns.xlsx,Sheet1,column_1,,mixed_numeric_text,92,Patterns | HSH | HWSH | HSWH | HSOH,,,xlsx,medium,Some headers were missing; generated column_N names. Sampled first 94 non-empty rows from worksheet.
paper-2002-03,Road Capacity And The Allocation Of Time,READY-TO-UPLOAD/PUBLIC,/Users/dlev2617/Documents/Code/Agents/github-packages/READY-TO-UPLOAD/PUBLIC/paper-2002-03-road-capacity-and-the-allocation-of-time,data/derived_workbooks/modernized/shopcopypatterns.xlsx,Sheet1,column_2,,mixed_numeric_text,41,Observations | 522 | 336 | 77 | 99,,,xlsx,medium,Some headers were missing; generated column_N names. Sampled first 94 non-empty rows from worksheet.
paper-2002-03,Road Capacity And The Allocation Of Time,READY-TO-UPLOAD/PUBLIC,/Users/dlev2617/Documents/Code/Agents/github-packages/READY-TO-UPLOAD/PUBLIC/paper-2002-03-road-capacity-and-the-allocation-of-time,data/derived_workbooks/modernized/shopcopypatterns.xlsx,Sheet1,column_3,,mixed_numeric_text,41,tt1 | 11.99 | 14.37 | 26.67 | 18.14,,,xlsx,medium,Some headers were missing; generated column_N names. Sampled first 94 non-empty rows from worksheet.
paper-2002-03,Road Capacity And The Allocation Of Time,READY-TO-UPLOAD/PUBLIC,/Users/dlev2617/Documents/Code/Agents/github-packages/READY-TO-UPLOAD/PUBLIC/paper-2002-03-road-capacity-and-the-allocation-of-time,data/derived_workbooks/modernized/shopcopypatterns.xlsx,Sheet1,column_4,,mixed_numeric_text,40,tt2 | 0 | 23.17 | 18.28 | 43,,,xlsx,medium,Some headers were missing; generated column_N names. Sampled first 94 non-empty rows from worksheet.
paper-2002-03,Road Capacity And The Allocation Of Time,READY-TO-UPLOAD/PUBLIC,/Users/dlev2617/Documents/Code/Agents/github-packages/READY-TO-UPLOAD/PUBLIC/paper-2002-03-road-capacity-and-the-allocation-of-time,data/derived_workbooks/modernized/shopcopypatterns.xlsx,Sheet1,column_5,,mixed_numeric_text,40,tt3 | 11.71 | 15.6 | 9.38 | 12.95,,,xlsx,medium,Some headers were missing; generated column_N names. Sampled first 94 non-empty rows from worksheet.
paper-2002-03,Road Capacity And The Allocation Of Time,READY-TO-UPLOAD/PUBLIC,/Users/dlev2617/Documents/Code/Agents/github-packages/READY-TO-UPLOAD/PUBLIC/paper-2002-03-road-capacity-and-the-allocation-of-time,data/derived_workbooks/modernized/shopcopypatterns.xlsx,Sheet1,WORKERS,,mixed_numeric_text,40,tt4 | 0 | 15.35 | 15.4 | 10,,,xlsx,medium,Some headers were missing; generated column_N names. Sampled first 94 non-empty rows from worksheet.
paper-2002-03,Road Capacity And The Allocation Of Time,READY-TO-UPLOAD/PUBLIC,/Users/dlev2617/Documents/Code/Agents/github-packages/READY-TO-UPLOAD/PUBLIC/paper-2002-03-road-capacity-and-the-allocation-of-time,data/derived_workbooks/modernized/shopcopypatterns.xlsx,Sheet1,column_7,,mixed_numeric_text,40,act1 | 1360 | 850.2 | 858.6 | 1199,,,xlsx,medium,Some headers were missing; generated column_N names. Sampled first 94 non-empty rows from worksheet.
paper-2002-03,Road Capacity And The Allocation Of Time,READY-TO-UPLOAD/PUBLIC,/Users/dlev2617/Documents/Code/Agents/github-packages/READY-TO-UPLOAD/PUBLIC/paper-2002-03-road-capacity-and-the-allocation-of-time,data/derived_workbooks/modernized/shopcopypatterns.xlsx,Sheet1,column_8,,mixed_numeric_text,40,act2 | 0 | 500.2 | 506.6 | 455,,,xlsx,medium,Some headers were missing; generated column_N names. Sampled first 94 non-empty rows from worksheet.
paper-2002-03,Road Capacity And The Allocation Of Time,READY-TO-UPLOAD/PUBLIC,/Users/dlev2617/Documents/Code/Agents/github-packages/READY-TO-UPLOAD/PUBLIC/paper-2002-03-road-capacity-and-the-allocation-of-time,data/derived_workbooks/modernized/shopcopypatterns.xlsx,Sheet1,column_9,,mixed_numeric_text,40,act3 | 55.52 | 36.46 | 20.36 | 55.05,,,xlsx,medium,Some headers were missing; generated column_N names. Sampled first 94 non-empty rows from worksheet.
paper-2002-03,Road Capacity And The Allocation Of Time,READY-TO-UPLOAD/PUBLIC,/Users/dlev2617/Documents/Code/Agents/github-packages/READY-TO-UPLOAD/PUBLIC/paper-2002-03-road-capacity-and-the-allocation-of-time,data/derived_workbooks/modernized/shopcopypatterns.xlsx,Sheet1,column_10,,mixed_numeric_text,40,act4 | 0 | 138.83 | 88.34 | 56,,,xlsx,medium,Some headers were missing; generated column_N names. Sampled first 94 non-empty rows from worksheet.
paper-2002-03,Road Capacity And The Allocation Of Time,READY-TO-UPLOAD/PUBLIC,/Users/dlev2617/Documents/Code/Agents/github-packages/READY-TO-UPLOAD/PUBLIC/paper-2002-03-road-capacity-and-the-allocation-of-time,data/derived_workbooks/modernized/shopcopypatterns.xlsx,Sheet1,column_11,,mixed_numeric_text,40,Travel | 23.7 | 53.14 | 54.33 | 46.44,,,xlsx,medium,Some headers were missing; generated column_N names. Sampled first 94 non-empty rows from worksheet.
paper-2002-03,Road Capacity And The Allocation Of Time,READY-TO-UPLOAD/PUBLIC,/Users/dlev2617/Documents/Code/Agents/github-packages/READY-TO-UPLOAD/PUBLIC/paper-2002-03-road-capacity-and-the-allocation-of-time,data/derived_workbooks/modernized/shopcopypatterns.xlsx,Sheet1,column_12,,mixed_numeric_text,41,Observations | 322 | 0 | 47 | 128,,,xlsx,medium,Some headers were missing; generated column_N names. Sampled first 94 non-empty rows from worksheet.
paper-2002-03,Road Capacity And The Allocation Of Time,READY-TO-UPLOAD/PUBLIC,/Users/dlev2617/Documents/Code/Agents/github-packages/READY-TO-UPLOAD/PUBLIC/paper-2002-03-road-capacity-and-the-allocation-of-time,data/derived_workbooks/modernized/shopcopypatterns.xlsx,Sheet1,column_13,,mixed_numeric_text,40,tt1 | 13.6 | 0 | 15.89 | 13.49,,,xlsx,medium,Some headers were missing; generated column_N names. Sampled first 94 non-empty rows from worksheet.
paper-2002-03,Road Capacity And The Allocation Of Time,READY-TO-UPLOAD/PUBLIC,/Users/dlev2617/Documents/Code/Agents/github-packages/READY-TO-UPLOAD/PUBLIC/paper-2002-03-road-capacity-and-the-allocation-of-time,data/derived_workbooks/modernized/shopcopypatterns.xlsx,Sheet1,column_14,,mixed_numeric_text,40,tt2 | 0,,,xlsx,medium,Some headers were missing; generated column_N names. Sampled first 94 non-empty rows from worksheet.
paper-2002-03,Road Capacity And The Allocation Of Time,READY-TO-UPLOAD/PUBLIC,/Users/dlev2617/Documents/Code/Agents/github-packages/READY-TO-UPLOAD/PUBLIC/paper-2002-03-road-capacity-and-the-allocation-of-time,data/derived_workbooks/modernized/shopcopypatterns.xlsx,Sheet1,NON WORKERS,,mixed_numeric_text,40,tt3 | 13.31 | 0 | 11.93 | 11.72,,,xlsx,medium,Some headers were missing; generated column_N names. Sampled first 94 non-empty rows from worksheet.
paper-2002-03,Road Capacity And The Allocation Of Time,READY-TO-UPLOAD/PUBLIC,/Users/dlev2617/Documents/Code/Agents/github-packages/READY-TO-UPLOAD/PUBLIC/paper-2002-03-road-capacity-and-the-allocation-of-time,data/derived_workbooks/modernized/shopcopypatterns.xlsx,Sheet1,NON-WORKERS,,mixed_numeric_text,25,tt4 | 0 | 12.89 | 16.1 | 14,,,xlsx,medium,Some headers were missing; generated column_N names. Sampled first 94 non-empty rows from worksheet.
paper-2002-03,Road Capacity And The Allocation Of Time,READY-TO-UPLOAD/PUBLIC,/Users/dlev2617/Documents/Code/Agents/github-packages/READY-TO-UPLOAD/PUBLIC/paper-2002-03-road-capacity-and-the-allocation-of-time,data/derived_workbooks/modernized/shopcopypatterns.xlsx,Sheet1,column_17,,mixed_numeric_text,40,act1 | 1350 | 0 | 1247 | 1299,,,xlsx,medium,Some headers were missing; generated column_N names. Sampled first 94 non-empty rows from worksheet.
paper-2002-03,Road Capacity And The Allocation Of Time,READY-TO-UPLOAD/PUBLIC,/Users/dlev2617/Documents/Code/Agents/github-packages/READY-TO-UPLOAD/PUBLIC/paper-2002-03-road-capacity-and-the-allocation-of-time,data/derived_workbooks/modernized/shopcopypatterns.xlsx,Sheet1,column_18,,mixed_numeric_text,40,act2 | 0,,,xlsx,medium,Some headers were missing; generated column_N names. Sampled first 94 non-empty rows from worksheet.
paper-2002-03,Road Capacity And The Allocation Of Time,READY-TO-UPLOAD/PUBLIC,/Users/dlev2617/Documents/Code/Agents/github-packages/READY-TO-UPLOAD/PUBLIC/paper-2002-03-road-capacity-and-the-allocation-of-time,data/derived_workbooks/modernized/shopcopypatterns.xlsx,Sheet1,column_19,,mixed_numeric_text,40,act3 | 62.93 | 0 | 39.63 | 50.76,,,xlsx,medium,Some headers were missing; generated column_N names. Sampled first 94 non-empty rows from worksheet.
paper-2002-03,Road Capacity And The Allocation Of Time,READY-TO-UPLOAD/PUBLIC,/Users/dlev2617/Documents/Code/Agents/github-packages/READY-TO-UPLOAD/PUBLIC/paper-2002-03-road-capacity-and-the-allocation-of-time,data/derived_workbooks/modernized/shopcopypatterns.xlsx,Sheet1,column_20,,mixed_numeric_text,40,act4 | 0 | 112.4 | 100.4 | 48,,,xlsx,medium,Some headers were missing; generated column_N names. Sampled first 94 non-empty rows from worksheet.
paper-2002-03,Road Capacity And The Allocation Of Time,READY-TO-UPLOAD/PUBLIC,/Users/dlev2617/Documents/Code/Agents/github-packages/READY-TO-UPLOAD/PUBLIC/paper-2002-03-road-capacity-and-the-allocation-of-time,data/derived_workbooks/modernized/shopcopypatterns.xlsx,Sheet1,column_21,,mixed_numeric_text,40,Travel | 26.91 | 0 | 27.82 | 25.21,,,xlsx,medium,Some headers were missing; generated column_N names. Sampled first 94 non-empty rows from worksheet.
paper-2002-03,Road Capacity And The Allocation Of Time,READY-TO-UPLOAD/PUBLIC,/Users/dlev2617/Documents/Code/Agents/github-packages/READY-TO-UPLOAD/PUBLIC/paper-2002-03-road-capacity-and-the-allocation-of-time,data/derived_workbooks/modernized/shopnwcopypatterns.xlsx,Sheet1,column_1,,mixed_numeric_text,66,Patterns | HSH | HSOH | HOSH | HSSH,,,xlsx,medium,Some headers were missing; generated column_N names. Sampled first 68 non-empty rows from worksheet.
paper-2002-03,Road Capacity And The Allocation Of Time,READY-TO-UPLOAD/PUBLIC,/Users/dlev2617/Documents/Code/Agents/github-packages/READY-TO-UPLOAD/PUBLIC/paper-2002-03-road-capacity-and-the-allocation-of-time,data/derived_workbooks/modernized/shopnwcopypatterns.xlsx,Sheet1,column_2,,mixed_numeric_text,15,Observations | 522 | 99 | 161 | 83,,,xlsx,medium,Some headers were missing; generated column_N names. Sampled first 68 non-empty rows from worksheet.
paper-2002-03,Road Capacity And The Allocation Of Time,READY-TO-UPLOAD/PUBLIC,/Users/dlev2617/Documents/Code/Agents/github-packages/READY-TO-UPLOAD/PUBLIC/paper-2002-03-road-capacity-and-the-allocation-of-time,data/derived_workbooks/modernized/shopnwcopypatterns.xlsx,Sheet1,column_3,,mixed_numeric_text,15,tt1 | 11.99 | 18.14 | 13.26 | 11,,,xlsx,medium,Some headers were missing; generated column_N names. Sampled first 68 non-empty rows from worksheet.
paper-2002-03,Road Capacity And The Allocation Of Time,READY-TO-UPLOAD/PUBLIC,/Users/dlev2617/Documents/Code/Agents/github-packages/READY-TO-UPLOAD/PUBLIC/paper-2002-03-road-capacity-and-the-allocation-of-time,data/derived_workbooks/modernized/shopnwcopypatterns.xlsx,Sheet1,column_4,,mixed_numeric_text,14,tt2 | 0,,,xlsx,medium,Some headers were missing; generated column_N names. Sampled first 68 non-empty rows from worksheet.
paper-2002-03,Road Capacity And The Allocation Of Time,READY-TO-UPLOAD/PUBLIC,/Users/dlev2617/Documents/Code/Agents/github-packages/READY-TO-UPLOAD/PUBLIC/paper-2002-03-road-capacity-and-the-allocation-of-time,data/derived_workbooks/modernized/shopnwcopypatterns.xlsx,Sheet1,column_5,,mixed_numeric_text,14,tt3 | 11.71 | 12.95 | 13.07 | 24.24,,,xlsx,medium,Some headers were missing; generated column_N names. Sampled first 68 non-empty rows from worksheet.
paper-2002-03,Road Capacity And The Allocation Of Time,READY-TO-UPLOAD/PUBLIC,/Users/dlev2617/Documents/Code/Agents/github-packages/READY-TO-UPLOAD/PUBLIC/paper-2002-03-road-capacity-and-the-allocation-of-time,data/derived_workbooks/modernized/shopnwcopypatterns.xlsx,Sheet1,WORKERS,,mixed_numeric_text,14,tt4 | 0 | 15.35 | 15.4 | 12,,,xlsx,medium,Some headers were missing; generated column_N names. Sampled first 68 non-empty rows from worksheet.
paper-2002-03,Road Capacity And The Allocation Of Time,READY-TO-UPLOAD/PUBLIC,/Users/dlev2617/Documents/Code/Agents/github-packages/READY-TO-UPLOAD/PUBLIC/paper-2002-03-road-capacity-and-the-allocation-of-time,data/derived_workbooks/modernized/shopnwcopypatterns.xlsx,Sheet1,column_7,,mixed_numeric_text,14,act1 | 1360 | 1199 | 1269 | 1321,,,xlsx,medium,Some headers were missing; generated column_N names. Sampled first 68 non-empty rows from worksheet.
paper-2002-03,Road Capacity And The Allocation Of Time,READY-TO-UPLOAD/PUBLIC,/Users/dlev2617/Documents/Code/Agents/github-packages/READY-TO-UPLOAD/PUBLIC/paper-2002-03-road-capacity-and-the-allocation-of-time,data/derived_workbooks/modernized/shopnwcopypatterns.xlsx,Sheet1,column_8,,mixed_numeric_text,14,act2 | 0,,,xlsx,medium,Some headers were missing; generated column_N names. Sampled first 68 non-empty rows from worksheet.
paper-2002-03,Road Capacity And The Allocation Of Time,READY-TO-UPLOAD/PUBLIC,/Users/dlev2617/Documents/Code/Agents/github-packages/READY-TO-UPLOAD/PUBLIC/paper-2002-03-road-capacity-and-the-allocation-of-time,data/derived_workbooks/modernized/shopnwcopypatterns.xlsx,Sheet1,column_9,,mixed_numeric_text,14,act3 | 55.52 | 55.05 | 40.46 | 80.61,,,xlsx,medium,Some headers were missing; generated column_N names. Sampled first 68 non-empty rows from worksheet.
paper-2002-03,Road Capacity And The Allocation Of Time,READY-TO-UPLOAD/PUBLIC,/Users/dlev2617/Documents/Code/Agents/github-packages/READY-TO-UPLOAD/PUBLIC/paper-2002-03-road-capacity-and-the-allocation-of-time,data/derived_workbooks/modernized/shopnwcopypatterns.xlsx,Sheet1,column_10,,mixed_numeric_text,14,act4 | 0 | 138.83 | 88.34 | 109,,,xlsx,medium,Some headers were missing; generated column_N names. Sampled first 68 non-empty rows from worksheet.
paper-2002-03,Road Capacity And The Allocation Of Time,READY-TO-UPLOAD/PUBLIC,/Users/dlev2617/Documents/Code/Agents/github-packages/READY-TO-UPLOAD/PUBLIC/paper-2002-03-road-capacity-and-the-allocation-of-time,data/derived_workbooks/modernized/shopnwcopypatterns.xlsx,Sheet1,column_11,,mixed_numeric_text,14,Travel | 23.7 | 46.44 | 41.73 | 37.5,,,xlsx,medium,Some headers were missing; generated column_N names. Sampled first 68 non-empty rows from worksheet.
paper-2002-03,Road Capacity And The Allocation Of Time,READY-TO-UPLOAD/PUBLIC,/Users/dlev2617/Documents/Code/Agents/github-packages/READY-TO-UPLOAD/PUBLIC/paper-2002-03-road-capacity-and-the-allocation-of-time,data/derived_workbooks/modernized/shopnwcopypatterns.xlsx,Sheet1,column_12,,mixed_numeric_text,15,Observations | 322 | 47 | 128 | 69,,,xlsx,medium,Some headers were missing; generated column_N names. Sampled first 68 non-empty rows from worksheet.
paper-2002-03,Road Capacity And The Allocation Of Time,READY-TO-UPLOAD/PUBLIC,/Users/dlev2617/Documents/Code/Agents/github-packages/READY-TO-UPLOAD/PUBLIC/paper-2002-03-road-capacity-and-the-allocation-of-time,data/derived_workbooks/modernized/shopnwcopypatterns.xlsx,Sheet1,column_13,,mixed_numeric_text,14,tt1 | 13.6 | 15.89 | 13.49 | 14.86,,,xlsx,medium,Some headers were missing; generated column_N names. Sampled first 68 non-empty rows from worksheet.
paper-2002-03,Road Capacity And The Allocation Of Time,READY-TO-UPLOAD/PUBLIC,/Users/dlev2617/Documents/Code/Agents/github-packages/READY-TO-UPLOAD/PUBLIC/paper-2002-03-road-capacity-and-the-allocation-of-time,data/derived_workbooks/modernized/shopnwcopypatterns.xlsx,Sheet1,column_14,,mixed_numeric_text,14,tt2 | 0,,,xlsx,medium,Some headers were missing; generated column_N names. Sampled first 68 non-empty rows from worksheet.
paper-2002-03,Road Capacity And The Allocation Of Time,READY-TO-UPLOAD/PUBLIC,/Users/dlev2617/Documents/Code/Agents/github-packages/READY-TO-UPLOAD/PUBLIC/paper-2002-03-road-capacity-and-the-allocation-of-time,data/derived_workbooks/modernized/shopnwcopypatterns.xlsx,Sheet1,NON WORKERS,,mixed_numeric_text,14,tt3 | 13.31 | 11.93 | 11.72 | 25.92,,,xlsx,medium,Some headers were missing; generated column_N names. Sampled first 68 non-empty rows from worksheet.
paper-2002-03,Road Capacity And The Allocation Of Time,READY-TO-UPLOAD/PUBLIC,/Users/dlev2617/Documents/Code/Agents/github-packages/READY-TO-UPLOAD/PUBLIC/paper-2002-03-road-capacity-and-the-allocation-of-time,data/derived_workbooks/modernized/shopnwcopypatterns.xlsx,Sheet1,NON-WORKERS,,mixed_numeric_text,14,tt4 | 0 | 12.89 | 16.1 | 14,,,xlsx,medium,Some headers were missing; generated column_N names. Sampled first 68 non-empty rows from worksheet.
paper-2002-03,Road Capacity And The Allocation Of Time,READY-TO-UPLOAD/PUBLIC,/Users/dlev2617/Documents/Code/Agents/github-packages/READY-TO-UPLOAD/PUBLIC/paper-2002-03-road-capacity-and-the-allocation-of-time,data/derived_workbooks/modernized/shopnwcopypatterns.xlsx,Sheet1,column_17,,mixed_numeric_text,14,act1 | 1350 | 1247 | 1299 | 1237,,,xlsx,medium,Some headers were missing; generated column_N names. Sampled first 68 non-empty rows from worksheet.
paper-2002-03,Road Capacity And The Allocation Of Time,READY-TO-UPLOAD/PUBLIC,/Users/dlev2617/Documents/Code/Agents/github-packages/READY-TO-UPLOAD/PUBLIC/paper-2002-03-road-capacity-and-the-allocation-of-time,data/derived_workbooks/modernized/shopnwcopypatterns.xlsx,Sheet1,column_18,,mixed_numeric_text,14,act2 | 0,,,xlsx,medium,Some headers were missing; generated column_N names. Sampled first 68 non-empty rows from worksheet.
paper-2002-03,Road Capacity And The Allocation Of Time,READY-TO-UPLOAD/PUBLIC,/Users/dlev2617/Documents/Code/Agents/github-packages/READY-TO-UPLOAD/PUBLIC/paper-2002-03-road-capacity-and-the-allocation-of-time,data/derived_workbooks/modernized/shopnwcopypatterns.xlsx,Sheet1,column_19,,mixed_numeric_text,14,act3 | 62.93 | 39.63 | 50.76 | 99.47,,,xlsx,medium,Some headers were missing; generated column_N names. Sampled first 68 non-empty rows from worksheet.
paper-2002-03,Road Capacity And The Allocation Of Time,READY-TO-UPLOAD/PUBLIC,/Users/dlev2617/Documents/Code/Agents/github-packages/READY-TO-UPLOAD/PUBLIC/paper-2002-03-road-capacity-and-the-allocation-of-time,data/derived_workbooks/modernized/shopnwcopypatterns.xlsx,Sheet1,column_20,,mixed_numeric_text,14,act4 | 0 | 112.4 | 100.4 | 48,,,xlsx,medium,Some headers were missing; generated column_N names. Sampled first 68 non-empty rows from worksheet.
paper-2002-03,Road Capacity And The Allocation Of Time,READY-TO-UPLOAD/PUBLIC,/Users/dlev2617/Documents/Code/Agents/github-packages/READY-TO-UPLOAD/PUBLIC/paper-2002-03-road-capacity-and-the-allocation-of-time,data/derived_workbooks/modernized/shopnwcopypatterns.xlsx,Sheet1,column_21,,mixed_numeric_text,14,Travel | 26.91 | 27.82 | 25.21 | 40.78,,,xlsx,medium,Some headers were missing; generated column_N names. Sampled first 68 non-empty rows from worksheet.
paper-2002-03,Road Capacity And The Allocation Of Time,READY-TO-UPLOAD/PUBLIC,/Users/dlev2617/Documents/Code/Agents/github-packages/READY-TO-UPLOAD/PUBLIC/paper-2002-03-road-capacity-and-the-allocation-of-time,data/derived_workbooks/modernized/table_3.xlsx,table_3,WORKER MODEL,,text,215,Independent Variables Dummys Coeff for TT1 Coeff for TT2 Coeff for TT3 Coeff for TT4 Coeff for ACT1 Coeff for ACT2 Coeff | Travel to Home Travel to Work Travel to Shop Travel to Other Time at Home Time at Work Time at Shop Time at Other | STATES | (1-32) | AL 1 4.084468 8.21566 0.1015127 -1.580696 7.493507 -10.64597 -17.26011 9.5916283,,,xlsx,medium,Some headers were missing; generated column_N names. Sampled first 216 non-empty rows from worksheet.
paper-2002-03,Road Capacity And The Allocation Of Time,READY-TO-UPLOAD/PUBLIC,/Users/dlev2617/Documents/Code/Agents/github-packages/READY-TO-UPLOAD/PUBLIC/paper-2002-03-road-capacity-and-the-allocation-of-time,data/derived_workbooks/modernized/table_3.xlsx,table_3,column_2,,text,20,"No child"" 1 -62.97755 2.414816 3.899013 -34.22827 22.64609 74.38218 -29.52496 23.388681 | no child"" 2 -68.04109 4.028759 2.69664 -38.8811 9.269912 133.1064 -37.27399 -4.905531 | child age 0-5"" 3 -65.13211 0.8543826 3.78754 -32.99963 36.74897 31.21675 -39.53004 65.0541374 | child 0-5"" 4 -69.53042 6.553893 2.679092 -39.58842 39.76317 105.0503 -36.00129 -8.926325 | child age 6-15"" 5 -59.88476 3.42579 2.744744 -33.3562 13.98034 59.1526 -32.9993 46.936786",,,xlsx,medium,Some headers were missing; generated column_N names. Sampled first 216 non-empty rows from worksheet.
paper-2002-03,Road Capacity And The Allocation Of Time,READY-TO-UPLOAD/PUBLIC,/Users/dlev2617/Documents/Code/Agents/github-packages/READY-TO-UPLOAD/PUBLIC/paper-2002-03-road-capacity-and-the-allocation-of-time,data/derived_workbooks/modernized/table_3.xlsx,table_3,column_3,,text,2,"no child"" 9 -35.88172 -7.340012 -0.1059666 -18.4385 222.1236 -77.55993 -59.51588 -23.2815914 | no child"" 9 -6.235781 -2.616703 -8.32725 17.80191 -26.20579 25.583614",,,xlsx,medium,Some headers were missing; generated column_N names. Sampled first 216 non-empty rows from worksheet.
paper-2002-03,Road Capacity And The Allocation Of Time,READY-TO-UPLOAD/PUBLIC,/Users/dlev2617/Documents/Code/Agents/github-packages/READY-TO-UPLOAD/PUBLIC/paper-2002-03-road-capacity-and-the-allocation-of-time,data/derived_workbooks/original/TT95.XLS,Sheet1,column_1,,empty,0,,,,xls,medium,Some headers were missing; generated column_N names. Sampled first 13 non-empty rows from worksheet.
paper-2002-03,Road Capacity And The Allocation Of Time,READY-TO-UPLOAD/PUBLIC,/Users/dlev2617/Documents/Code/Agents/github-packages/READY-TO-UPLOAD/PUBLIC/paper-2002-03-road-capacity-and-the-allocation-of-time,data/derived_workbooks/original/TT95.XLS,Sheet1,column_2,,empty,0,,,,xls,medium,Some headers were missing; generated column_N names. Sampled first 13 non-empty rows from worksheet.
paper-2002-03,Road Capacity And The Allocation Of Time,READY-TO-UPLOAD/PUBLIC,/Users/dlev2617/Documents/Code/Agents/github-packages/READY-TO-UPLOAD/PUBLIC/paper-2002-03-road-capacity-and-the-allocation-of-time,data/derived_workbooks/original/TT95.XLS,Sheet1,column_3,,mixed_numeric_text,6,1995.0 | FEMALE | MALE | 1990.0,,,xls,medium,Some headers were missing; generated column_N names. Sampled first 13 non-empty rows from worksheet.
paper-2002-03,Road Capacity And The Allocation Of Time,READY-TO-UPLOAD/PUBLIC,/Users/dlev2617/Documents/Code/Agents/github-packages/READY-TO-UPLOAD/PUBLIC/paper-2002-03-road-capacity-and-the-allocation-of-time,data/derived_workbooks/original/TT95.XLS,Sheet1,column_4,,text,8,NON WORKER | WORKER,,,xls,medium,Some headers were missing; generated column_N names. Sampled first 13 non-empty rows from worksheet.
paper-2002-03,Road Capacity And The Allocation Of Time,READY-TO-UPLOAD/PUBLIC,/Users/dlev2617/Documents/Code/Agents/github-packages/READY-TO-UPLOAD/PUBLIC/paper-2002-03-road-capacity-and-the-allocation-of-time,data/derived_workbooks/original/TT95.XLS,Sheet1,column_5,,mixed_numeric_text,12,HOME | MEAN | 1172.251 | 944.2046 | 1170.899,,,xls,medium,Some headers were missing; generated column_N names. Sampled first 13 non-empty rows from worksheet.
paper-2002-03,Road Capacity And The Allocation Of Time,READY-TO-UPLOAD/PUBLIC,/Users/dlev2617/Documents/Code/Agents/github-packages/READY-TO-UPLOAD/PUBLIC/paper-2002-03-road-capacity-and-the-allocation-of-time,data/derived_workbooks/original/TT95.XLS,Sheet1,column_6,,mixed_numeric_text,10,STD DEV | 185.9133 | 225.5581 | 199.9176 | 233.4691,,,xls,medium,Some headers were missing; generated column_N names. Sampled first 13 non-empty rows from worksheet.
paper-2002-03,Road Capacity And The Allocation Of Time,READY-TO-UPLOAD/PUBLIC,/Users/dlev2617/Documents/Code/Agents/github-packages/READY-TO-UPLOAD/PUBLIC/paper-2002-03-road-capacity-and-the-allocation-of-time,data/derived_workbooks/original/TT95.XLS,Sheet1,"DURATION BY ACTIVITY , WORK STATUS AND GENDER FOR 1990 & 1995",,mixed_numeric_text,12,WORK | MEAN | 0.0 | 313.027 | 364.5115,,,xls,medium,Some headers were missing; generated column_N names. Sampled first 13 non-empty rows from worksheet.
paper-2002-03,Road Capacity And The Allocation Of Time,READY-TO-UPLOAD/PUBLIC,/Users/dlev2617/Documents/Code/Agents/github-packages/READY-TO-UPLOAD/PUBLIC/paper-2002-03-road-capacity-and-the-allocation-of-time,data/derived_workbooks/original/TT95.XLS,Sheet1,column_8,,mixed_numeric_text,10,STD DEV | 0.0 | 249.4606 | 261.5437 | 357.3908,,,xls,medium,Some headers were missing; generated column_N names. Sampled first 13 non-empty rows from worksheet.
paper-2002-03,Road Capacity And The Allocation Of Time,READY-TO-UPLOAD/PUBLIC,/Users/dlev2617/Documents/Code/Agents/github-packages/READY-TO-UPLOAD/PUBLIC/paper-2002-03-road-capacity-and-the-allocation-of-time,data/derived_workbooks/original/TT95.XLS,Sheet1,column_9,,mixed_numeric_text,12,SHOP | MEAN | 42.15896 | 24.69628 | 30.325,,,xls,medium,Some headers were missing; generated column_N names. Sampled first 13 non-empty rows from worksheet.
paper-2002-03,Road Capacity And The Allocation Of Time,READY-TO-UPLOAD/PUBLIC,/Users/dlev2617/Documents/Code/Agents/github-packages/READY-TO-UPLOAD/PUBLIC/paper-2002-03-road-capacity-and-the-allocation-of-time,data/derived_workbooks/original/TT95.XLS,Sheet1,column_10,,mixed_numeric_text,10,STD DEV | 63.57838 | 48.70339 | 54.56356 | 36.65966,,,xls,medium,Some headers were missing; generated column_N names. Sampled first 13 non-empty rows from worksheet.
paper-2002-03,Road Capacity And The Allocation Of Time,READY-TO-UPLOAD/PUBLIC,/Users/dlev2617/Documents/Code/Agents/github-packages/READY-TO-UPLOAD/PUBLIC/paper-2002-03-road-capacity-and-the-allocation-of-time,data/derived_workbooks/original/TT95.XLS,Sheet1,column_11,,mixed_numeric_text,12,OTHER | MEAN | 165.756 | 93.18468 | 176.8766,,,xls,medium,Some headers were missing; generated column_N names. Sampled first 13 non-empty rows from worksheet.
paper-2002-03,Road Capacity And The Allocation Of Time,READY-TO-UPLOAD/PUBLIC,/Users/dlev2617/Documents/Code/Agents/github-packages/READY-TO-UPLOAD/PUBLIC/paper-2002-03-road-capacity-and-the-allocation-of-time,data/derived_workbooks/original/TT95.XLS,Sheet1,column_12,,mixed_numeric_text,10,STD DEV | 170.327 | 132.1597 | 183.9106 | 136.3332,,,xls,medium,Some headers were missing; generated column_N names. Sampled first 13 non-empty rows from worksheet.
paper-2002-03,Road Capacity And The Allocation Of Time,READY-TO-UPLOAD/PUBLIC,/Users/dlev2617/Documents/Code/Agents/github-packages/READY-TO-UPLOAD/PUBLIC/paper-2002-03-road-capacity-and-the-allocation-of-time,data/derived_workbooks/original/TT95.XLS,Sheet1,column_13,,mixed_numeric_text,12,TRAVEL | MEAN | 59.83357 | 64.88745 | 61.89919,,,xls,medium,Some headers were missing; generated column_N names. Sampled first 13 non-empty rows from worksheet.
paper-2002-03,Road Capacity And The Allocation Of Time,READY-TO-UPLOAD/PUBLIC,/Users/dlev2617/Documents/Code/Agents/github-packages/READY-TO-UPLOAD/PUBLIC/paper-2002-03-road-capacity-and-the-allocation-of-time,data/derived_workbooks/original/TT95.XLS,Sheet1,column_14,,mixed_numeric_text,10,STD DEV | 43.99925 | 43.56622 | 45.56952 | 48.25216,,,xls,medium,Some headers were missing; generated column_N names. Sampled first 13 non-empty rows from worksheet.
paper-2002-03,Road Capacity And The Allocation Of Time,READY-TO-UPLOAD/PUBLIC,/Users/dlev2617/Documents/Code/Agents/github-packages/READY-TO-UPLOAD/PUBLIC/paper-2002-03-road-capacity-and-the-allocation-of-time,data/derived_workbooks/original/TT95.XLS,Sheet1,column_15,,mixed_numeric_text,10,CASES | 2812.0 | 8014.0 | 1240.0 | 7716.0,,,xls,medium,Some headers were missing; generated column_N names. Sampled first 13 non-empty rows from worksheet.
paper-2002-03,Road Capacity And The Allocation Of Time,READY-TO-UPLOAD/PUBLIC,/Users/dlev2617/Documents/Code/Agents/github-packages/READY-TO-UPLOAD/PUBLIC/paper-2002-03-road-capacity-and-the-allocation-of-time,data/derived_workbooks/original/TT9590.XLS,Sheet1,column_1,,empty,0,,,,xls,medium,Some headers were missing; generated column_N names. Sampled first 50 non-empty rows from worksheet.
paper-2002-03,Road Capacity And The Allocation Of Time,READY-TO-UPLOAD/PUBLIC,/Users/dlev2617/Documents/Code/Agents/github-packages/READY-TO-UPLOAD/PUBLIC/paper-2002-03-road-capacity-and-the-allocation-of-time,data/derived_workbooks/original/TT9590.XLS,Sheet1,column_2,,empty,0,,,,xls,medium,Some headers were missing; generated column_N names. Sampled first 50 non-empty rows from worksheet.
paper-2002-03,Road Capacity And The Allocation Of Time,READY-TO-UPLOAD/PUBLIC,/Users/dlev2617/Documents/Code/Agents/github-packages/READY-TO-UPLOAD/PUBLIC/paper-2002-03-road-capacity-and-the-allocation-of-time,data/derived_workbooks/original/TT9590.XLS,Sheet1,column_3,,mixed_numeric_text,26,1995.0 | FEMALE | MALE | 1990.0 | SEX_YEAR,,,xls,medium,Some headers were missing; generated column_N names. Sampled first 50 non-empty rows from worksheet.
paper-2002-03,Road Capacity And The Allocation Of Time,READY-TO-UPLOAD/PUBLIC,/Users/dlev2617/Documents/Code/Agents/github-packages/READY-TO-UPLOAD/PUBLIC/paper-2002-03-road-capacity-and-the-allocation-of-time,data/derived_workbooks/original/TT9590.XLS,Sheet1,column_4,,text,25,NON WORKER | WORKER | WORK STATUS,,,xls,medium,Some headers were missing; generated column_N names. Sampled first 50 non-empty rows from worksheet.
paper-2002-03,Road Capacity And The Allocation Of Time,READY-TO-UPLOAD/PUBLIC,/Users/dlev2617/Documents/Code/Agents/github-packages/READY-TO-UPLOAD/PUBLIC/paper-2002-03-road-capacity-and-the-allocation-of-time,data/derived_workbooks/original/TT9590.XLS,Sheet1,column_5,,mixed_numeric_text,44,HOME | MEAN | 1172* | 944* | 1171*,,,xls,medium,Some headers were missing; generated column_N names. Sampled first 50 non-empty rows from worksheet.
paper-2002-03,Road Capacity And The Allocation Of Time,READY-TO-UPLOAD/PUBLIC,/Users/dlev2617/Documents/Code/Agents/github-packages/READY-TO-UPLOAD/PUBLIC/paper-2002-03-road-capacity-and-the-allocation-of-time,data/derived_workbooks/original/TT9590.XLS,Sheet1,column_6,,text,8,*,,,xls,medium,Some headers were missing; generated column_N names. Sampled first 50 non-empty rows from worksheet.
paper-2002-03,Road Capacity And The Allocation Of Time,READY-TO-UPLOAD/PUBLIC,/Users/dlev2617/Documents/Code/Agents/github-packages/READY-TO-UPLOAD/PUBLIC/paper-2002-03-road-capacity-and-the-allocation-of-time,data/derived_workbooks/original/TT9590.XLS,Sheet1,"DURATION BY ACTIVITY , WORK STATUS AND GENDER FOR 1995",,mixed_numeric_text,42,WORK | MEAN | 0.0 | 313* | 365*,,,xls,medium,Some headers were missing; generated column_N names. Sampled first 50 non-empty rows from worksheet.
paper-2002-03,Road Capacity And The Allocation Of Time,READY-TO-UPLOAD/PUBLIC,/Users/dlev2617/Documents/Code/Agents/github-packages/READY-TO-UPLOAD/PUBLIC/paper-2002-03-road-capacity-and-the-allocation-of-time,data/derived_workbooks/original/TT9590.XLS,Sheet1,column_8,,text,5,*,,,xls,medium,Some headers were missing; generated column_N names. Sampled first 50 non-empty rows from worksheet.
paper-2002-03,Road Capacity And The Allocation Of Time,READY-TO-UPLOAD/PUBLIC,/Users/dlev2617/Documents/Code/Agents/github-packages/READY-TO-UPLOAD/PUBLIC/paper-2002-03-road-capacity-and-the-allocation-of-time,data/derived_workbooks/original/TT9590.XLS,Sheet1,column_9,,mixed_numeric_text,39,SHOP | MEAN | 42* | 25* | 30.0,,,xls,medium,Some headers were missing; generated column_N names. Sampled first 50 non-empty rows from worksheet.
paper-2002-03,Road Capacity And The Allocation Of Time,READY-TO-UPLOAD/PUBLIC,/Users/dlev2617/Documents/Code/Agents/github-packages/READY-TO-UPLOAD/PUBLIC/paper-2002-03-road-capacity-and-the-allocation-of-time,data/derived_workbooks/original/TT9590.XLS,Sheet1,column_10,,text,8,*,,,xls,medium,Some headers were missing; generated column_N names. Sampled first 50 non-empty rows from worksheet.
paper-2002-03,Road Capacity And The Allocation Of Time,READY-TO-UPLOAD/PUBLIC,/Users/dlev2617/Documents/Code/Agents/github-packages/READY-TO-UPLOAD/PUBLIC/paper-2002-03-road-capacity-and-the-allocation-of-time,data/derived_workbooks/original/TT9590.XLS,Sheet1,column_11,,mixed_numeric_text,39,OTHER | MEAN | 166* | 93* | 177*,,,xls,medium,Some headers were missing; generated column_N names. Sampled first 50 non-empty rows from worksheet.
paper-2002-03,Road Capacity And The Allocation Of Time,READY-TO-UPLOAD/PUBLIC,/Users/dlev2617/Documents/Code/Agents/github-packages/READY-TO-UPLOAD/PUBLIC/paper-2002-03-road-capacity-and-the-allocation-of-time,data/derived_workbooks/original/TT9590.XLS,Sheet1,column_12,,text,10,*,,,xls,medium,Some headers were missing; generated column_N names. Sampled first 50 non-empty rows from worksheet.
paper-2002-03,Road Capacity And The Allocation Of Time,READY-TO-UPLOAD/PUBLIC,/Users/dlev2617/Documents/Code/Agents/github-packages/READY-TO-UPLOAD/PUBLIC/paper-2002-03-road-capacity-and-the-allocation-of-time,data/derived_workbooks/original/TT9590.XLS,Sheet1,column_13,,mixed_numeric_text,39,TRAVEL | MEAN | 59.83357 | 64.88745 | 61.89919,,,xls,medium,Some headers were missing; generated column_N names. Sampled first 50 non-empty rows from worksheet.
paper-2002-03,Road Capacity And The Allocation Of Time,READY-TO-UPLOAD/PUBLIC,/Users/dlev2617/Documents/Code/Agents/github-packages/READY-TO-UPLOAD/PUBLIC/paper-2002-03-road-capacity-and-the-allocation-of-time,data/derived_workbooks/original/TT9590.XLS,Sheet1,column_14,,mixed_numeric_text,34,CASES | 2812.0 | 8014.0 | 1240.0 | 7716.0,,,xls,medium,Some headers were missing; generated column_N names. Sampled first 50 non-empty rows from worksheet.
paper-2002-03,Road Capacity And The Allocation Of Time,READY-TO-UPLOAD/PUBLIC,/Users/dlev2617/Documents/Code/Agents/github-packages/READY-TO-UPLOAD/PUBLIC/paper-2002-03-road-capacity-and-the-allocation-of-time,data/derived_workbooks/original/TT9590.XLS,Sheet1,column_15,,empty,0,,,,xls,medium,Some headers were missing; generated column_N names. Sampled first 50 non-empty rows from worksheet.
paper-2002-03,Road Capacity And The Allocation Of Time,READY-TO-UPLOAD/PUBLIC,/Users/dlev2617/Documents/Code/Agents/github-packages/READY-TO-UPLOAD/PUBLIC/paper-2002-03-road-capacity-and-the-allocation-of-time,data/derived_workbooks/original/TT9590.XLS,Sheet1,column_16,,mixed_numeric_text,3,1990.0 | FEMALE | MALE,,,xls,medium,Some headers were missing; generated column_N names. Sampled first 50 non-empty rows from worksheet.
paper-2002-03,Road Capacity And The Allocation Of Time,READY-TO-UPLOAD/PUBLIC,/Users/dlev2617/Documents/Code/Agents/github-packages/READY-TO-UPLOAD/PUBLIC/paper-2002-03-road-capacity-and-the-allocation-of-time,data/derived_workbooks/original/TT9590.XLS,Sheet1,column_17,,text,4,NON WORKER | WORKER,,,xls,medium,Some headers were missing; generated column_N names. Sampled first 50 non-empty rows from worksheet.
paper-2002-03,Road Capacity And The Allocation Of Time,READY-TO-UPLOAD/PUBLIC,/Users/dlev2617/Documents/Code/Agents/github-packages/READY-TO-UPLOAD/PUBLIC/paper-2002-03-road-capacity-and-the-allocation-of-time,data/derived_workbooks/original/TT9590.XLS,Sheet1,column_18,,mixed_numeric_text,6,HOME | MEAN | 1220.085 | 928.2832 | 1222.011,,,xls,medium,Some headers were missing; generated column_N names. Sampled first 50 non-empty rows from worksheet.
paper-2002-03,Road Capacity And The Allocation Of Time,READY-TO-UPLOAD/PUBLIC,/Users/dlev2617/Documents/Code/Agents/github-packages/READY-TO-UPLOAD/PUBLIC/paper-2002-03-road-capacity-and-the-allocation-of-time,data/derived_workbooks/original/TT9590.XLS,Sheet1,column_19,,mixed_numeric_text,5,STD DEV | 208.5702 | 356.9173 | 211.3537 | 359.7415,,,xls,medium,Some headers were missing; generated column_N names. Sampled first 50 non-empty rows from worksheet.
paper-2002-03,Road Capacity And The Allocation Of Time,READY-TO-UPLOAD/PUBLIC,/Users/dlev2617/Documents/Code/Agents/github-packages/READY-TO-UPLOAD/PUBLIC/paper-2002-03-road-capacity-and-the-allocation-of-time,data/derived_workbooks/original/TT9590.XLS,Sheet1,column_20,,mixed_numeric_text,6,WORK | MEAN | 0.0 | 284.3471 | 338.4018,,,xls,medium,Some headers were missing; generated column_N names. Sampled first 50 non-empty rows from worksheet.
paper-2002-03,Road Capacity And The Allocation Of Time,READY-TO-UPLOAD/PUBLIC,/Users/dlev2617/Documents/Code/Agents/github-packages/READY-TO-UPLOAD/PUBLIC/paper-2002-03-road-capacity-and-the-allocation-of-time,data/derived_workbooks/original/TT9590.XLS,Sheet1,column_21,,mixed_numeric_text,5,STD DEV | 0.0 | 357.3908 | 366.871,,,xls,medium,Some headers were missing; generated column_N names. Sampled first 50 non-empty rows from worksheet.
paper-2002-03,Road Capacity And The Allocation Of Time,READY-TO-UPLOAD/PUBLIC,/Users/dlev2617/Documents/Code/Agents/github-packages/READY-TO-UPLOAD/PUBLIC/paper-2002-03-road-capacity-and-the-allocation-of-time,data/derived_workbooks/original/TT9590.XLS,Sheet1,column_22,,mixed_numeric_text,6,SHOP | MEAN | 35.22353 | 30.10375 | 28.8338,,,xls,medium,Some headers were missing; generated column_N names. Sampled first 50 non-empty rows from worksheet.
paper-2002-03,Road Capacity And The Allocation Of Time,READY-TO-UPLOAD/PUBLIC,/Users/dlev2617/Documents/Code/Agents/github-packages/READY-TO-UPLOAD/PUBLIC/paper-2002-03-road-capacity-and-the-allocation-of-time,data/derived_workbooks/original/TT9590.XLS,Sheet1,column_23,,mixed_numeric_text,5,STD DEV | 69.72813 | 69.35141 | 60.46983 | 59.34432,,,xls,medium,Some headers were missing; generated column_N names. Sampled first 50 non-empty rows from worksheet.
paper-2002-03,Road Capacity And The Allocation Of Time,READY-TO-UPLOAD/PUBLIC,/Users/dlev2617/Documents/Code/Agents/github-packages/READY-TO-UPLOAD/PUBLIC/paper-2002-03-road-capacity-and-the-allocation-of-time,data/derived_workbooks/original/TT9590.XLS,Sheet1,column_24,,mixed_numeric_text,6,OTHER | MEAN | 126.6127 | 131.8686 | 130.3989,,,xls,medium,Some headers were missing; generated column_N names. Sampled first 50 non-empty rows from worksheet.
paper-2002-03,Road Capacity And The Allocation Of Time,READY-TO-UPLOAD/PUBLIC,/Users/dlev2617/Documents/Code/Agents/github-packages/READY-TO-UPLOAD/PUBLIC/paper-2002-03-road-capacity-and-the-allocation-of-time,data/derived_workbooks/original/TT9590.XLS,Sheet1,column_25,,mixed_numeric_text,5,STD DEV | 172.3585 | 190.9533 | 182.5472 | 188.5577,,,xls,medium,Some headers were missing; generated column_N names. Sampled first 50 non-empty rows from worksheet.
paper-2002-03,Road Capacity And The Allocation Of Time,READY-TO-UPLOAD/PUBLIC,/Users/dlev2617/Documents/Code/Agents/github-packages/READY-TO-UPLOAD/PUBLIC/paper-2002-03-road-capacity-and-the-allocation-of-time,data/derived_workbooks/original/TT9590.XLS,Sheet1,column_26,,mixed_numeric_text,6,TRAVEL | MEAN | 58.07843 | 65.39724 | 58.75623,,,xls,medium,Some headers were missing; generated column_N names. Sampled first 50 non-empty rows from worksheet.
paper-2002-03,Road Capacity And The Allocation Of Time,READY-TO-UPLOAD/PUBLIC,/Users/dlev2617/Documents/Code/Agents/github-packages/READY-TO-UPLOAD/PUBLIC/paper-2002-03-road-capacity-and-the-allocation-of-time,data/derived_workbooks/original/TT9590.XLS,Sheet1,column_27,,mixed_numeric_text,5,STD DEV | 60.52177 | 64.13466 | 64.51711 | 70.62894,,,xls,medium,Some headers were missing; generated column_N names. Sampled first 50 non-empty rows from worksheet.
paper-2002-03,Road Capacity And The Allocation Of Time,READY-TO-UPLOAD/PUBLIC,/Users/dlev2617/Documents/Code/Agents/github-packages/READY-TO-UPLOAD/PUBLIC/paper-2002-03-road-capacity-and-the-allocation-of-time,data/derived_workbooks/original/TT9590.XLS,Sheet1,column_28,,mixed_numeric_text,5,CASES | 1020.0 | 2535.0 | 361.0 | 2275.0,,,xls,medium,Some headers were missing; generated column_N names. Sampled first 50 non-empty rows from worksheet.
paper-2002-03,Road Capacity And The Allocation Of Time,READY-TO-UPLOAD/PUBLIC,/Users/dlev2617/Documents/Code/Agents/github-packages/READY-TO-UPLOAD/PUBLIC/paper-2002-03-road-capacity-and-the-allocation-of-time,data/derived_workbooks/original/TT9590.XLS,Sheet1,column_29,,empty,0,,,,xls,medium,Some headers were missing; generated column_N names. Sampled first 50 non-empty rows from worksheet.
paper-2002-03,Road Capacity And The Allocation Of Time,READY-TO-UPLOAD/PUBLIC,/Users/dlev2617/Documents/Code/Agents/github-packages/READY-TO-UPLOAD/PUBLIC/paper-2002-03-road-capacity-and-the-allocation-of-time,data/derived_workbooks/original/TT9590.XLS,Sheet1,column_30,,mixed_numeric_text,5,act | 15 | 23,,,xls,medium,Some headers were missing; generated column_N names. Sampled first 50 non-empty rows from worksheet.
paper-2002-03,Road Capacity And The Allocation Of Time,READY-TO-UPLOAD/PUBLIC,/Users/dlev2617/Documents/Code/Agents/github-packages/READY-TO-UPLOAD/PUBLIC/paper-2002-03-road-capacity-and-the-allocation-of-time,data/derived_workbooks/original/TT9590.XLS,Sheet1,column_31,,mixed_numeric_text,5,tt | 23,,,xls,medium,Some headers were missing; generated column_N names. Sampled first 50 non-empty rows from worksheet.
paper-2002-03,Road Capacity And The Allocation Of Time,READY-TO-UPLOAD/PUBLIC,/Users/dlev2617/Documents/Code/Agents/github-packages/READY-TO-UPLOAD/PUBLIC/paper-2002-03-road-capacity-and-the-allocation-of-time,data/derived_workbooks/original/TT9590.XLS,Sheet1,column_32,,mixed_numeric_text,5,work | 0.0 | 15,,,xls,medium,Some headers were missing; generated column_N names. Sampled first 50 non-empty rows from worksheet.
paper-2002-03,Road Capacity And The Allocation Of Time,READY-TO-UPLOAD/PUBLIC,/Users/dlev2617/Documents/Code/Agents/github-packages/READY-TO-UPLOAD/PUBLIC/paper-2002-03-road-capacity-and-the-allocation-of-time,data/derived_workbooks/original/TT9590.XLS,Sheet1,column_33,,mixed_numeric_text,5,shop | 15 | 23,,,xls,medium,Some headers were missing; generated column_N names. Sampled first 50 non-empty rows from worksheet.
paper-2002-03,Road Capacity And The Allocation Of Time,READY-TO-UPLOAD/PUBLIC,/Users/dlev2617/Documents/Code/Agents/github-packages/READY-TO-UPLOAD/PUBLIC/paper-2002-03-road-capacity-and-the-allocation-of-time,data/derived_workbooks/original/TT9590.XLS,Sheet1,column_34,,mixed_numeric_text,5,other | 15,,,xls,medium,Some headers were missing; generated column_N names. Sampled first 50 non-empty rows from worksheet.
paper-2002-03,Road Capacity And The Allocation Of Time,READY-TO-UPLOAD/PUBLIC,/Users/dlev2617/Documents/Code/Agents/github-packages/READY-TO-UPLOAD/PUBLIC/paper-2002-03-road-capacity-and-the-allocation-of-time,data/derived_workbooks/original/copypatterns.xls,Sheet1,column_1,,mixed_numeric_text,102,Patterns | HWH | HSH | HOH | HWSH,,,xls,medium,Some headers were missing; generated column_N names. Sampled first 104 non-empty rows from worksheet.
paper-2002-03,Road Capacity And The Allocation Of Time,READY-TO-UPLOAD/PUBLIC,/Users/dlev2617/Documents/Code/Agents/github-packages/READY-TO-UPLOAD/PUBLIC/paper-2002-03-road-capacity-and-the-allocation-of-time,data/derived_workbooks/original/copypatterns.xls,Sheet1,column_2,,mixed_numeric_text,51,Observations | 4160.0 | 522.0 | 1046.0 | 336.0,,,xls,medium,Some headers were missing; generated column_N names. Sampled first 104 non-empty rows from worksheet.
paper-2002-03,Road Capacity And The Allocation Of Time,READY-TO-UPLOAD/PUBLIC,/Users/dlev2617/Documents/Code/Agents/github-packages/READY-TO-UPLOAD/PUBLIC/paper-2002-03-road-capacity-and-the-allocation-of-time,data/derived_workbooks/original/copypatterns.xls,Sheet1,column_3,,mixed_numeric_text,51,tt1 | 25.52 | 11.99 | 19.81 | 14.37,,,xls,medium,Some headers were missing; generated column_N names. Sampled first 104 non-empty rows from worksheet.
paper-2002-03,Road Capacity And The Allocation Of Time,READY-TO-UPLOAD/PUBLIC,/Users/dlev2617/Documents/Code/Agents/github-packages/READY-TO-UPLOAD/PUBLIC/paper-2002-03-road-capacity-and-the-allocation-of-time,data/derived_workbooks/original/copypatterns.xls,Sheet1,column_4,,mixed_numeric_text,50,tt2 | 24.13 | 0.0 | 23.17 | 18.28,,,xls,medium,Some headers were missing; generated column_N names. Sampled first 104 non-empty rows from worksheet.
paper-2002-03,Road Capacity And The Allocation Of Time,READY-TO-UPLOAD/PUBLIC,/Users/dlev2617/Documents/Code/Agents/github-packages/READY-TO-UPLOAD/PUBLIC/paper-2002-03-road-capacity-and-the-allocation-of-time,data/derived_workbooks/original/copypatterns.xls,Sheet1,column_5,,mixed_numeric_text,50,tt3 | 0.0 | 11.71 | 15.6 | 9.38,,,xls,medium,Some headers were missing; generated column_N names. Sampled first 104 non-empty rows from worksheet.
paper-2002-03,Road Capacity And The Allocation Of Time,READY-TO-UPLOAD/PUBLIC,/Users/dlev2617/Documents/Code/Agents/github-packages/READY-TO-UPLOAD/PUBLIC/paper-2002-03-road-capacity-and-the-allocation-of-time,data/derived_workbooks/original/copypatterns.xls,Sheet1,WORKERS,,mixed_numeric_text,50,tt4 | 0.0 | 19.41 | 19.54 | 14.01,,,xls,medium,Some headers were missing; generated column_N names. Sampled first 104 non-empty rows from worksheet.
paper-2002-03,Road Capacity And The Allocation Of Time,READY-TO-UPLOAD/PUBLIC,/Users/dlev2617/Documents/Code/Agents/github-packages/READY-TO-UPLOAD/PUBLIC/paper-2002-03-road-capacity-and-the-allocation-of-time,data/derived_workbooks/original/copypatterns.xls,Sheet1,column_7,,mixed_numeric_text,50,act1 | 845.7 | 1360.0 | 1192.0 | 850.2,,,xls,medium,Some headers were missing; generated column_N names. Sampled first 104 non-empty rows from worksheet.
paper-2002-03,Road Capacity And The Allocation Of Time,READY-TO-UPLOAD/PUBLIC,/Users/dlev2617/Documents/Code/Agents/github-packages/READY-TO-UPLOAD/PUBLIC/paper-2002-03-road-capacity-and-the-allocation-of-time,data/derived_workbooks/original/copypatterns.xls,Sheet1,column_8,,mixed_numeric_text,50,act2 | 544.6 | 0.0 | 500.2 | 506.6,,,xls,medium,Some headers were missing; generated column_N names. Sampled first 104 non-empty rows from worksheet.
paper-2002-03,Road Capacity And The Allocation Of Time,READY-TO-UPLOAD/PUBLIC,/Users/dlev2617/Documents/Code/Agents/github-packages/READY-TO-UPLOAD/PUBLIC/paper-2002-03-road-capacity-and-the-allocation-of-time,data/derived_workbooks/original/copypatterns.xls,Sheet1,column_9,,mixed_numeric_text,50,act3 | 0.0 | 55.52 | 36.46 | 20.36,,,xls,medium,Some headers were missing; generated column_N names. Sampled first 104 non-empty rows from worksheet.
paper-2002-03,Road Capacity And The Allocation Of Time,READY-TO-UPLOAD/PUBLIC,/Users/dlev2617/Documents/Code/Agents/github-packages/READY-TO-UPLOAD/PUBLIC/paper-2002-03-road-capacity-and-the-allocation-of-time,data/derived_workbooks/original/copypatterns.xls,Sheet1,column_10,,mixed_numeric_text,50,act4 | 0.0 | 208.5 | 91.38 | 67.46,,,xls,medium,Some headers were missing; generated column_N names. Sampled first 104 non-empty rows from worksheet.
paper-2002-03,Road Capacity And The Allocation Of Time,READY-TO-UPLOAD/PUBLIC,/Users/dlev2617/Documents/Code/Agents/github-packages/READY-TO-UPLOAD/PUBLIC/paper-2002-03-road-capacity-and-the-allocation-of-time,data/derived_workbooks/original/copypatterns.xls,Sheet1,column_11,,mixed_numeric_text,50,Travel | 49.65 | 23.700000000000003 | 39.22 | 53.14,,,xls,medium,Some headers were missing; generated column_N names. Sampled first 104 non-empty rows from worksheet.
paper-2002-03,Road Capacity And The Allocation Of Time,READY-TO-UPLOAD/PUBLIC,/Users/dlev2617/Documents/Code/Agents/github-packages/READY-TO-UPLOAD/PUBLIC/paper-2002-03-road-capacity-and-the-allocation-of-time,data/derived_workbooks/original/copypatterns.xls,Sheet1,column_12,,mixed_numeric_text,51,Observations | 0.0 | 322.0 | 704.0 | 47.0,,,xls,medium,Some headers were missing; generated column_N names. Sampled first 104 non-empty rows from worksheet.
paper-2002-03,Road Capacity And The Allocation Of Time,READY-TO-UPLOAD/PUBLIC,/Users/dlev2617/Documents/Code/Agents/github-packages/READY-TO-UPLOAD/PUBLIC/paper-2002-03-road-capacity-and-the-allocation-of-time,data/derived_workbooks/original/copypatterns.xls,Sheet1,column_13,,mixed_numeric_text,50,tt1 | 0.0 | 13.6 | 21.31 | 15.89,,,xls,medium,Some headers were missing; generated column_N names. Sampled first 104 non-empty rows from worksheet.
paper-2002-03,Road Capacity And The Allocation Of Time,READY-TO-UPLOAD/PUBLIC,/Users/dlev2617/Documents/Code/Agents/github-packages/READY-TO-UPLOAD/PUBLIC/paper-2002-03-road-capacity-and-the-allocation-of-time,data/derived_workbooks/original/copypatterns.xls,Sheet1,column_14,,mixed_numeric_text,50,tt2 | 0.0,,,xls,medium,Some headers were missing; generated column_N names. Sampled first 104 non-empty rows from worksheet.
paper-2002-03,Road Capacity And The Allocation Of Time,READY-TO-UPLOAD/PUBLIC,/Users/dlev2617/Documents/Code/Agents/github-packages/READY-TO-UPLOAD/PUBLIC/paper-2002-03-road-capacity-and-the-allocation-of-time,data/derived_workbooks/original/copypatterns.xls,Sheet1,NON WORKERS,,mixed_numeric_text,50,tt3 | 0.0 | 13.31 | 11.93 | 11.72,,,xls,medium,Some headers were missing; generated column_N names. Sampled first 104 non-empty rows from worksheet.
paper-2002-03,Road Capacity And The Allocation Of Time,READY-TO-UPLOAD/PUBLIC,/Users/dlev2617/Documents/Code/Agents/github-packages/READY-TO-UPLOAD/PUBLIC/paper-2002-03-road-capacity-and-the-allocation-of-time,data/derived_workbooks/original/copypatterns.xls,Sheet1,NON-WORKERS,,mixed_numeric_text,31,tt4 | 0.0 | 20.58 | 12.89 | 16.1,,,xls,medium,Some headers were missing; generated column_N names. Sampled first 104 non-empty rows from worksheet.
paper-2002-03,Road Capacity And The Allocation Of Time,READY-TO-UPLOAD/PUBLIC,/Users/dlev2617/Documents/Code/Agents/github-packages/READY-TO-UPLOAD/PUBLIC/paper-2002-03-road-capacity-and-the-allocation-of-time,data/derived_workbooks/original/copypatterns.xls,Sheet1,column_17,,mixed_numeric_text,50,act1 | 0.0 | 1350.0 | 1192.0 | 1247.0,,,xls,medium,Some headers were missing; generated column_N names. Sampled first 104 non-empty rows from worksheet.
paper-2002-03,Road Capacity And The Allocation Of Time,READY-TO-UPLOAD/PUBLIC,/Users/dlev2617/Documents/Code/Agents/github-packages/READY-TO-UPLOAD/PUBLIC/paper-2002-03-road-capacity-and-the-allocation-of-time,data/derived_workbooks/original/copypatterns.xls,Sheet1,column_18,,mixed_numeric_text,50,act2 | 0.0,,,xls,medium,Some headers were missing; generated column_N names. Sampled first 104 non-empty rows from worksheet.
paper-2002-03,Road Capacity And The Allocation Of Time,READY-TO-UPLOAD/PUBLIC,/Users/dlev2617/Documents/Code/Agents/github-packages/READY-TO-UPLOAD/PUBLIC/paper-2002-03-road-capacity-and-the-allocation-of-time,data/derived_workbooks/original/copypatterns.xls,Sheet1,column_19,,mixed_numeric_text,50,act3 | 0.0 | 62.93 | 39.63 | 50.76,,,xls,medium,Some headers were missing; generated column_N names. Sampled first 104 non-empty rows from worksheet.
paper-2002-03,Road Capacity And The Allocation Of Time,READY-TO-UPLOAD/PUBLIC,/Users/dlev2617/Documents/Code/Agents/github-packages/READY-TO-UPLOAD/PUBLIC/paper-2002-03-road-capacity-and-the-allocation-of-time,data/derived_workbooks/original/copypatterns.xls,Sheet1,column_20,,mixed_numeric_text,50,act4 | 0.0 | 206.6 | 112.4 | 100.4,,,xls,medium,Some headers were missing; generated column_N names. Sampled first 104 non-empty rows from worksheet.
paper-2002-03,Road Capacity And The Allocation Of Time,READY-TO-UPLOAD/PUBLIC,/Users/dlev2617/Documents/Code/Agents/github-packages/READY-TO-UPLOAD/PUBLIC/paper-2002-03-road-capacity-and-the-allocation-of-time,data/derived_workbooks/original/copypatterns.xls,Sheet1,column_21,,mixed_numeric_text,50,Travel | 0.0 | 26.91 | 21.31 | 27.82,,,xls,medium,Some headers were missing; generated column_N names. Sampled first 104 non-empty rows from worksheet.
paper-2002-03,Road Capacity And The Allocation Of Time,READY-TO-UPLOAD/PUBLIC,/Users/dlev2617/Documents/Code/Agents/github-packages/READY-TO-UPLOAD/PUBLIC/paper-2002-03-road-capacity-and-the-allocation-of-time,data/derived_workbooks/original/elas90.xls,workers,column_1,,text,80,ALABAMA | KANSAS | TENNESSEE | OREGON | NORTH CAROLINA,,,xls,medium,Some headers were missing; generated column_N names. Sampled first 81 non-empty rows from worksheet.
paper-2002-03,Road Capacity And The Allocation Of Time,READY-TO-UPLOAD/PUBLIC,/Users/dlev2617/Documents/Code/Agents/github-packages/READY-TO-UPLOAD/PUBLIC/paper-2002-03-road-capacity-and-the-allocation-of-time,data/derived_workbooks/original/elas90.xls,workers,tt1,,numeric,80,3.094721 | -10.25068 | -8.508901 | -7.715763 | -6.393305,-93.90696,118.9427,xls,medium,Some headers were missing; generated column_N names. Sampled first 81 non-empty rows from worksheet.
paper-2002-03,Road Capacity And The Allocation Of Time,READY-TO-UPLOAD/PUBLIC,/Users/dlev2617/Documents/Code/Agents/github-packages/READY-TO-UPLOAD/PUBLIC/paper-2002-03-road-capacity-and-the-allocation-of-time,data/derived_workbooks/original/elas90.xls,workers,tt2,,numeric,80,3.326331 | -2.719125 | -0.0990619 | -0.1740221 | 2.841413,-5.210863,13.1286,xls,medium,Some headers were missing; generated column_N names. Sampled first 81 non-empty rows from worksheet.
paper-2002-03,Road Capacity And The Allocation Of Time,READY-TO-UPLOAD/PUBLIC,/Users/dlev2617/Documents/Code/Agents/github-packages/READY-TO-UPLOAD/PUBLIC/paper-2002-03-road-capacity-and-the-allocation-of-time,data/derived_workbooks/original/elas90.xls,workers,tt3,,numeric,80,-0.5184077 | -1.614739 | 0.0077725 | -0.9371783 | -1.24787,-3.63,6.532917,xls,medium,Some headers were missing; generated column_N names. Sampled first 81 non-empty rows from worksheet.
paper-2002-03,Road Capacity And The Allocation Of Time,READY-TO-UPLOAD/PUBLIC,/Users/dlev2617/Documents/Code/Agents/github-packages/READY-TO-UPLOAD/PUBLIC/paper-2002-03-road-capacity-and-the-allocation-of-time,data/derived_workbooks/original/elas90.xls,workers,tt4,,numeric,80,-0.99 | -0.58 | 0.29 | -0.54 | -3.99,-40.97,64.56,xls,medium,Some headers were missing; generated column_N names. Sampled first 81 non-empty rows from worksheet.
paper-2002-03,Road Capacity And The Allocation Of Time,READY-TO-UPLOAD/PUBLIC,/Users/dlev2617/Documents/Code/Agents/github-packages/READY-TO-UPLOAD/PUBLIC/paper-2002-03-road-capacity-and-the-allocation-of-time,data/derived_workbooks/original/elas90.xls,workers,act1,,numeric,80,25.34 | -80.65 | -14.07 | -21.74 | -23.25,-244.58,1149.66,xls,medium,Some headers were missing; generated column_N names. Sampled first 81 non-empty rows from worksheet.
paper-2002-03,Road Capacity And The Allocation Of Time,READY-TO-UPLOAD/PUBLIC,/Users/dlev2617/Documents/Code/Agents/github-packages/READY-TO-UPLOAD/PUBLIC/paper-2002-03-road-capacity-and-the-allocation-of-time,data/derived_workbooks/original/elas90.xls,workers,act2,,numeric,80,-28.95 | 80.53 | -30.47 | -10.15 | 23.41,-122.34,281.37,xls,medium,Some headers were missing; generated column_N names. Sampled first 81 non-empty rows from worksheet.
paper-2002-03,Road Capacity And The Allocation Of Time,READY-TO-UPLOAD/PUBLIC,/Users/dlev2617/Documents/Code/Agents/github-packages/READY-TO-UPLOAD/PUBLIC/paper-2002-03-road-capacity-and-the-allocation-of-time,data/derived_workbooks/original/elas90.xls,workers,act3,,numeric,80,-15.95 | -9.03 | 0.57 | 2.44 | -4.61,-20.17,31.88,xls,medium,Some headers were missing; generated column_N names. Sampled first 81 non-empty rows from worksheet.
paper-2002-03,Road Capacity And The Allocation Of Time,READY-TO-UPLOAD/PUBLIC,/Users/dlev2617/Documents/Code/Agents/github-packages/READY-TO-UPLOAD/PUBLIC/paper-2002-03-road-capacity-and-the-allocation-of-time,data/derived_workbooks/original/elas90.xls,workers,act4,,numeric,80,14.6473557 | 24.314543999999998 | 52.2801904 | 38.8169634 | 13.239762000000002,-97.419892,105.601704,xls,medium,Some headers were missing; generated column_N names. Sampled first 81 non-empty rows from worksheet.
paper-2002-03,Road Capacity And The Allocation Of Time,READY-TO-UPLOAD/PUBLIC,/Users/dlev2617/Documents/Code/Agents/github-packages/READY-TO-UPLOAD/PUBLIC/paper-2002-03-road-capacity-and-the-allocation-of-time,data/derived_workbooks/original/elas90.xls,workers,Average,,empty,0,,,,xls,medium,Some headers were missing; generated column_N names. Sampled first 81 non-empty rows from worksheet.
paper-2002-03,Road Capacity And The Allocation Of Time,READY-TO-UPLOAD/PUBLIC,/Users/dlev2617/Documents/Code/Agents/github-packages/READY-TO-UPLOAD/PUBLIC/paper-2002-03-road-capacity-and-the-allocation-of-time,data/derived_workbooks/original/elas90.xls,non-workers,column_1,,empty,0,,,,xls,medium,Some headers were missing; generated column_N names. Sampled first 81 non-empty rows from worksheet.
paper-2002-03,Road Capacity And The Allocation Of Time,READY-TO-UPLOAD/PUBLIC,/Users/dlev2617/Documents/Code/Agents/github-packages/READY-TO-UPLOAD/PUBLIC/paper-2002-03-road-capacity-and-the-allocation-of-time,data/derived_workbooks/original/elas90.xls,non-workers,column_2,,text,80,ALABAMA | KANSAS | TENNESSEE | OREGON | NORTH CAROLINA,,,xls,medium,Some headers were missing; generated column_N names. Sampled first 81 non-empty rows from worksheet.
paper-2002-03,Road Capacity And The Allocation Of Time,READY-TO-UPLOAD/PUBLIC,/Users/dlev2617/Documents/Code/Agents/github-packages/READY-TO-UPLOAD/PUBLIC/paper-2002-03-road-capacity-and-the-allocation-of-time,data/derived_workbooks/original/elas90.xls,non-workers,tt1,,numeric,80,-7.23 | 17.71 | -23.27 | -10.75 | -3.69,-24.5,56.08,xls,medium,Some headers were missing; generated column_N names. Sampled first 81 non-empty rows from worksheet.
paper-2002-03,Road Capacity And The Allocation Of Time,READY-TO-UPLOAD/PUBLIC,/Users/dlev2617/Documents/Code/Agents/github-packages/READY-TO-UPLOAD/PUBLIC/paper-2002-03-road-capacity-and-the-allocation-of-time,data/derived_workbooks/original/elas90.xls,non-workers,tt3,,numeric,80,-0.06 | -0.69 | 3.4 | -0.17 | -1.34,-4.94,10.09,xls,medium,Some headers were missing; generated column_N names. Sampled first 81 non-empty rows from worksheet.
paper-2002-03,Road Capacity And The Allocation Of Time,READY-TO-UPLOAD/PUBLIC,/Users/dlev2617/Documents/Code/Agents/github-packages/READY-TO-UPLOAD/PUBLIC/paper-2002-03-road-capacity-and-the-allocation-of-time,data/derived_workbooks/original/elas90.xls,non-workers,tt4,,numeric,80,8.99 | 8.54 | -4.84 | 10.37 | 3.91,-18.44,29.76,xls,medium,Some headers were missing; generated column_N names. Sampled first 81 non-empty rows from worksheet.
paper-2002-03,Road Capacity And The Allocation Of Time,READY-TO-UPLOAD/PUBLIC,/Users/dlev2617/Documents/Code/Agents/github-packages/READY-TO-UPLOAD/PUBLIC/paper-2002-03-road-capacity-and-the-allocation-of-time,data/derived_workbooks/original/elas90.xls,non-workers,act1,,numeric,80,-64.79 | -103.11 | 29.86 | -32.65 | 33.78,-106.11,1209.42,xls,medium,Some headers were missing; generated column_N names. Sampled first 81 non-empty rows from worksheet.
paper-2002-03,Road Capacity And The Allocation Of Time,READY-TO-UPLOAD/PUBLIC,/Users/dlev2617/Documents/Code/Agents/github-packages/READY-TO-UPLOAD/PUBLIC/paper-2002-03-road-capacity-and-the-allocation-of-time,data/derived_workbooks/original/elas90.xls,non-workers,act3,,numeric,80,16.37 | 32.35 | 1.97 | 13.07 | -2.38,-48.66,59.97,xls,medium,Some headers were missing; generated column_N names. Sampled first 81 non-empty rows from worksheet.
paper-2002-03,Road Capacity And The Allocation Of Time,READY-TO-UPLOAD/PUBLIC,/Users/dlev2617/Documents/Code/Agents/github-packages/READY-TO-UPLOAD/PUBLIC/paper-2002-03-road-capacity-and-the-allocation-of-time,data/derived_workbooks/original/elas90.xls,non-workers,act4,,numeric,80,46.72 | 45.2 | -7.12 | 20.13 | -30.28,-124.31,94.42,xls,medium,Some headers were missing; generated column_N names. Sampled first 81 non-empty rows from worksheet.
paper-2002-03,Road Capacity And The Allocation Of Time,READY-TO-UPLOAD/PUBLIC,/Users/dlev2617/Documents/Code/Agents/github-packages/READY-TO-UPLOAD/PUBLIC/paper-2002-03-road-capacity-and-the-allocation-of-time,data/derived_workbooks/original/elas90.xls,non-workers,Average,,empty,0,,,,xls,medium,Some headers were missing; generated column_N names. Sampled first 81 non-empty rows from worksheet.
paper-2002-03,Road Capacity And The Allocation Of Time,READY-TO-UPLOAD/PUBLIC,/Users/dlev2617/Documents/Code/Agents/github-packages/READY-TO-UPLOAD/PUBLIC/paper-2002-03-road-capacity-and-the-allocation-of-time,data/derived_workbooks/original/life.xls,Sheet1,LIFECYCLE,,numeric,10,1.0 | 2.0 | 3.0 | 4.0 | 5.0,1,10,xls,medium,Some headers were missing; generated column_N names. Sampled first 11 non-empty rows from worksheet.
paper-2002-03,Road Capacity And The Allocation Of Time,READY-TO-UPLOAD/PUBLIC,/Users/dlev2617/Documents/Code/Agents/github-packages/READY-TO-UPLOAD/PUBLIC/paper-2002-03-road-capacity-and-the-allocation-of-time,data/derived_workbooks/original/life.xls,Sheet1,column_2,,text,10,"1, NA | 2+, NA | 1, 0-5 | 2+, 0-5 | 1, 6-15",,,xls,medium,Some headers were missing; generated column_N names. Sampled first 11 non-empty rows from worksheet.
paper-2002-03,Road Capacity And The Allocation Of Time,READY-TO-UPLOAD/PUBLIC,/Users/dlev2617/Documents/Code/Agents/github-packages/READY-TO-UPLOAD/PUBLIC/paper-2002-03-road-capacity-and-the-allocation-of-time,data/derived_workbooks/original/non-workcopypatterns.xls,Sheet1,column_1,,mixed_numeric_text,72,Patterns | HSH | HOH | HSOH | HOSH,,,xls,medium,Some headers were missing; generated column_N names. Sampled first 74 non-empty rows from worksheet.
paper-2002-03,Road Capacity And The Allocation Of Time,READY-TO-UPLOAD/PUBLIC,/Users/dlev2617/Documents/Code/Agents/github-packages/READY-TO-UPLOAD/PUBLIC/paper-2002-03-road-capacity-and-the-allocation-of-time,data/derived_workbooks/original/non-workcopypatterns.xls,Sheet1,column_2,,mixed_numeric_text,21,Observations | 522.0 | 1046.0 | 99.0 | 161.0,,,xls,medium,Some headers were missing; generated column_N names. Sampled first 74 non-empty rows from worksheet.
paper-2002-03,Road Capacity And The Allocation Of Time,READY-TO-UPLOAD/PUBLIC,/Users/dlev2617/Documents/Code/Agents/github-packages/READY-TO-UPLOAD/PUBLIC/paper-2002-03-road-capacity-and-the-allocation-of-time,data/derived_workbooks/original/non-workcopypatterns.xls,Sheet1,column_3,,mixed_numeric_text,21,tt1 | 11.99 | 19.81 | 18.14 | 13.26,,,xls,medium,Some headers were missing; generated column_N names. Sampled first 74 non-empty rows from worksheet.
paper-2002-03,Road Capacity And The Allocation Of Time,READY-TO-UPLOAD/PUBLIC,/Users/dlev2617/Documents/Code/Agents/github-packages/READY-TO-UPLOAD/PUBLIC/paper-2002-03-road-capacity-and-the-allocation-of-time,data/derived_workbooks/original/non-workcopypatterns.xls,Sheet1,column_4,,mixed_numeric_text,20,tt2 | 0.0,,,xls,medium,Some headers were missing; generated column_N names. Sampled first 74 non-empty rows from worksheet.
paper-2002-03,Road Capacity And The Allocation Of Time,READY-TO-UPLOAD/PUBLIC,/Users/dlev2617/Documents/Code/Agents/github-packages/READY-TO-UPLOAD/PUBLIC/paper-2002-03-road-capacity-and-the-allocation-of-time,data/derived_workbooks/original/non-workcopypatterns.xls,Sheet1,column_5,,mixed_numeric_text,20,tt3 | 11.71 | 0.0 | 12.95 | 13.07,,,xls,medium,Some headers were missing; generated column_N names. Sampled first 74 non-empty rows from worksheet.
paper-2002-03,Road Capacity And The Allocation Of Time,READY-TO-UPLOAD/PUBLIC,/Users/dlev2617/Documents/Code/Agents/github-packages/READY-TO-UPLOAD/PUBLIC/paper-2002-03-road-capacity-and-the-allocation-of-time,data/derived_workbooks/original/non-workcopypatterns.xls,Sheet1,WORKERS,,mixed_numeric_text,20,tt4 | 0.0 | 19.41 | 15.35 | 15.4,,,xls,medium,Some headers were missing; generated column_N names. Sampled first 74 non-empty rows from worksheet.
paper-2002-03,Road Capacity And The Allocation Of Time,READY-TO-UPLOAD/PUBLIC,/Users/dlev2617/Documents/Code/Agents/github-packages/READY-TO-UPLOAD/PUBLIC/paper-2002-03-road-capacity-and-the-allocation-of-time,data/derived_workbooks/original/non-workcopypatterns.xls,Sheet1,column_7,,mixed_numeric_text,20,act1 | 1360.0 | 1192.0 | 1199.0 | 1269.0,,,xls,medium,Some headers were missing; generated column_N names. Sampled first 74 non-empty rows from worksheet.
paper-2002-03,Road Capacity And The Allocation Of Time,READY-TO-UPLOAD/PUBLIC,/Users/dlev2617/Documents/Code/Agents/github-packages/READY-TO-UPLOAD/PUBLIC/paper-2002-03-road-capacity-and-the-allocation-of-time,data/derived_workbooks/original/non-workcopypatterns.xls,Sheet1,column_8,,mixed_numeric_text,20,act2 | 0.0,,,xls,medium,Some headers were missing; generated column_N names. Sampled first 74 non-empty rows from worksheet.
paper-2002-03,Road Capacity And The Allocation Of Time,READY-TO-UPLOAD/PUBLIC,/Users/dlev2617/Documents/Code/Agents/github-packages/READY-TO-UPLOAD/PUBLIC/paper-2002-03-road-capacity-and-the-allocation-of-time,data/derived_workbooks/original/non-workcopypatterns.xls,Sheet1,column_9,,mixed_numeric_text,20,act3 | 55.52 | 0.0 | 55.05 | 40.46,,,xls,medium,Some headers were missing; generated column_N names. Sampled first 74 non-empty rows from worksheet.
paper-2002-03,Road Capacity And The Allocation Of Time,READY-TO-UPLOAD/PUBLIC,/Users/dlev2617/Documents/Code/Agents/github-packages/READY-TO-UPLOAD/PUBLIC/paper-2002-03-road-capacity-and-the-allocation-of-time,data/derived_workbooks/original/non-workcopypatterns.xls,Sheet1,column_10,,mixed_numeric_text,20,act4 | 0.0 | 208.5 | 138.83 | 88.34,,,xls,medium,Some headers were missing; generated column_N names. Sampled first 74 non-empty rows from worksheet.
paper-2002-03,Road Capacity And The Allocation Of Time,READY-TO-UPLOAD/PUBLIC,/Users/dlev2617/Documents/Code/Agents/github-packages/READY-TO-UPLOAD/PUBLIC/paper-2002-03-road-capacity-and-the-allocation-of-time,data/derived_workbooks/original/non-workcopypatterns.xls,Sheet1,column_11,,mixed_numeric_text,20,Travel | 23.700000000000003 | 39.22 | 46.44 | 41.73,,,xls,medium,Some headers were missing; generated column_N names. Sampled first 74 non-empty rows from worksheet.
paper-2002-03,Road Capacity And The Allocation Of Time,READY-TO-UPLOAD/PUBLIC,/Users/dlev2617/Documents/Code/Agents/github-packages/READY-TO-UPLOAD/PUBLIC/paper-2002-03-road-capacity-and-the-allocation-of-time,data/derived_workbooks/original/non-workcopypatterns.xls,Sheet1,column_12,,mixed_numeric_text,21,Observations | 322.0 | 704.0 | 47.0 | 128.0,,,xls,medium,Some headers were missing; generated column_N names. Sampled first 74 non-empty rows from worksheet.
paper-2002-03,Road Capacity And The Allocation Of Time,READY-TO-UPLOAD/PUBLIC,/Users/dlev2617/Documents/Code/Agents/github-packages/READY-TO-UPLOAD/PUBLIC/paper-2002-03-road-capacity-and-the-allocation-of-time,data/derived_workbooks/original/non-workcopypatterns.xls,Sheet1,column_13,,mixed_numeric_text,20,tt1 | 13.6 | 21.31 | 15.89 | 13.49,,,xls,medium,Some headers were missing; generated column_N names. Sampled first 74 non-empty rows from worksheet.
paper-2002-03,Road Capacity And The Allocation Of Time,READY-TO-UPLOAD/PUBLIC,/Users/dlev2617/Documents/Code/Agents/github-packages/READY-TO-UPLOAD/PUBLIC/paper-2002-03-road-capacity-and-the-allocation-of-time,data/derived_workbooks/original/non-workcopypatterns.xls,Sheet1,column_14,,mixed_numeric_text,20,tt2 | 0.0,,,xls,medium,Some headers were missing; generated column_N names. Sampled first 74 non-empty rows from worksheet.
paper-2002-03,Road Capacity And The Allocation Of Time,READY-TO-UPLOAD/PUBLIC,/Users/dlev2617/Documents/Code/Agents/github-packages/READY-TO-UPLOAD/PUBLIC/paper-2002-03-road-capacity-and-the-allocation-of-time,data/derived_workbooks/original/non-workcopypatterns.xls,Sheet1,NON WORKERS,,mixed_numeric_text,20,tt3 | 13.31 | 0.0 | 11.93 | 11.72,,,xls,medium,Some headers were missing; generated column_N names. Sampled first 74 non-empty rows from worksheet.
paper-2002-03,Road Capacity And The Allocation Of Time,READY-TO-UPLOAD/PUBLIC,/Users/dlev2617/Documents/Code/Agents/github-packages/READY-TO-UPLOAD/PUBLIC/paper-2002-03-road-capacity-and-the-allocation-of-time,data/derived_workbooks/original/non-workcopypatterns.xls,Sheet1,NON-WORKERS,,mixed_numeric_text,20,tt4 | 0.0 | 20.58 | 12.89 | 16.1,,,xls,medium,Some headers were missing; generated column_N names. Sampled first 74 non-empty rows from worksheet.
paper-2002-03,Road Capacity And The Allocation Of Time,READY-TO-UPLOAD/PUBLIC,/Users/dlev2617/Documents/Code/Agents/github-packages/READY-TO-UPLOAD/PUBLIC/paper-2002-03-road-capacity-and-the-allocation-of-time,data/derived_workbooks/original/non-workcopypatterns.xls,Sheet1,column_17,,mixed_numeric_text,20,act1 | 1350.0 | 1192.0 | 1247.0 | 1299.0,,,xls,medium,Some headers were missing; generated column_N names. Sampled first 74 non-empty rows from worksheet.
paper-2002-03,Road Capacity And The Allocation Of Time,READY-TO-UPLOAD/PUBLIC,/Users/dlev2617/Documents/Code/Agents/github-packages/READY-TO-UPLOAD/PUBLIC/paper-2002-03-road-capacity-and-the-allocation-of-time,data/derived_workbooks/original/non-workcopypatterns.xls,Sheet1,column_18,,mixed_numeric_text,20,act2 | 0.0,,,xls,medium,Some headers were missing; generated column_N names. Sampled first 74 non-empty rows from worksheet.
paper-2002-03,Road Capacity And The Allocation Of Time,READY-TO-UPLOAD/PUBLIC,/Users/dlev2617/Documents/Code/Agents/github-packages/READY-TO-UPLOAD/PUBLIC/paper-2002-03-road-capacity-and-the-allocation-of-time,data/derived_workbooks/original/non-workcopypatterns.xls,Sheet1,column_19,,mixed_numeric_text,20,act3 | 62.93 | 0.0 | 39.63 | 50.76,,,xls,medium,Some headers were missing; generated column_N names. Sampled first 74 non-empty rows from worksheet.
paper-2002-03,Road Capacity And The Allocation Of Time,READY-TO-UPLOAD/PUBLIC,/Users/dlev2617/Documents/Code/Agents/github-packages/READY-TO-UPLOAD/PUBLIC/paper-2002-03-road-capacity-and-the-allocation-of-time,data/derived_workbooks/original/non-workcopypatterns.xls,Sheet1,column_20,,mixed_numeric_text,20,act4 | 0.0 | 206.6 | 112.4 | 100.4,,,xls,medium,Some headers were missing; generated column_N names. Sampled first 74 non-empty rows from worksheet.
paper-2002-03,Road Capacity And The Allocation Of Time,READY-TO-UPLOAD/PUBLIC,/Users/dlev2617/Documents/Code/Agents/github-packages/READY-TO-UPLOAD/PUBLIC/paper-2002-03-road-capacity-and-the-allocation-of-time,data/derived_workbooks/original/non-workcopypatterns.xls,Sheet1,column_21,,mixed_numeric_text,20,Travel | 26.91 | 21.31 | 27.82 | 25.21,,,xls,medium,Some headers were missing; generated column_N names. Sampled first 74 non-empty rows from worksheet.
paper-2002-03,Road Capacity And The Allocation Of Time,READY-TO-UPLOAD/PUBLIC,/Users/dlev2617/Documents/Code/Agents/github-packages/READY-TO-UPLOAD/PUBLIC/paper-2002-03-road-capacity-and-the-allocation-of-time,data/derived_workbooks/original/othercopypatterns.xls,Sheet1,column_1,,mixed_numeric_text,88,Patterns | HOH | HWOH | HOWH | HSOH,,,xls,medium,Some headers were missing; generated column_N names. Sampled first 90 non-empty rows from worksheet.
paper-2002-03,Road Capacity And The Allocation Of Time,READY-TO-UPLOAD/PUBLIC,/Users/dlev2617/Documents/Code/Agents/github-packages/READY-TO-UPLOAD/PUBLIC/paper-2002-03-road-capacity-and-the-allocation-of-time,data/derived_workbooks/original/othercopypatterns.xls,Sheet1,column_2,,mixed_numeric_text,37,Observations | 1046.0 | 587.0 | 285.0 | 99.0,,,xls,medium,Some headers were missing; generated column_N names. Sampled first 90 non-empty rows from worksheet.
paper-2002-03,Road Capacity And The Allocation Of Time,READY-TO-UPLOAD/PUBLIC,/Users/dlev2617/Documents/Code/Agents/github-packages/READY-TO-UPLOAD/PUBLIC/paper-2002-03-road-capacity-and-the-allocation-of-time,data/derived_workbooks/original/othercopypatterns.xls,Sheet1,column_3,,mixed_numeric_text,37,tt1 | 19.81 | 18.49 | 24.95 | 18.14,,,xls,medium,Some headers were missing; generated column_N names. Sampled first 90 non-empty rows from worksheet.
paper-2002-03,Road Capacity And The Allocation Of Time,READY-TO-UPLOAD/PUBLIC,/Users/dlev2617/Documents/Code/Agents/github-packages/READY-TO-UPLOAD/PUBLIC/paper-2002-03-road-capacity-and-the-allocation-of-time,data/derived_workbooks/original/othercopypatterns.xls,Sheet1,column_4,,mixed_numeric_text,36,tt2 | 0.0 | 23.31 | 21.69 | 56.0,,,xls,medium,Some headers were missing; generated column_N names. Sampled first 90 non-empty rows from worksheet.
paper-2002-03,Road Capacity And The Allocation Of Time,READY-TO-UPLOAD/PUBLIC,/Users/dlev2617/Documents/Code/Agents/github-packages/READY-TO-UPLOAD/PUBLIC/paper-2002-03-road-capacity-and-the-allocation-of-time,data/derived_workbooks/original/othercopypatterns.xls,Sheet1,column_5,,mixed_numeric_text,36,tt3 | 0.0 | 12.95 | 13.07 | 13.0,,,xls,medium,Some headers were missing; generated column_N names. Sampled first 90 non-empty rows from worksheet.
paper-2002-03,Road Capacity And The Allocation Of Time,READY-TO-UPLOAD/PUBLIC,/Users/dlev2617/Documents/Code/Agents/github-packages/READY-TO-UPLOAD/PUBLIC/paper-2002-03-road-capacity-and-the-allocation-of-time,data/derived_workbooks/original/othercopypatterns.xls,Sheet1,WORKERS,,mixed_numeric_text,36,tt4 | 19.41 | 19.54 | 14.01 | 15.35,,,xls,medium,Some headers were missing; generated column_N names. Sampled first 90 non-empty rows from worksheet.
paper-2002-03,Road Capacity And The Allocation Of Time,READY-TO-UPLOAD/PUBLIC,/Users/dlev2617/Documents/Code/Agents/github-packages/READY-TO-UPLOAD/PUBLIC/paper-2002-03-road-capacity-and-the-allocation-of-time,data/derived_workbooks/original/othercopypatterns.xls,Sheet1,column_7,,mixed_numeric_text,36,act1 | 1192.0 | 787.7 | 821.7 | 1199.0,,,xls,medium,Some headers were missing; generated column_N names. Sampled first 90 non-empty rows from worksheet.
paper-2002-03,Road Capacity And The Allocation Of Time,READY-TO-UPLOAD/PUBLIC,/Users/dlev2617/Documents/Code/Agents/github-packages/READY-TO-UPLOAD/PUBLIC/paper-2002-03-road-capacity-and-the-allocation-of-time,data/derived_workbooks/original/othercopypatterns.xls,Sheet1,column_8,,mixed_numeric_text,36,act2 | 0.0 | 499.6 | 490.1 | 485.0,,,xls,medium,Some headers were missing; generated column_N names. Sampled first 90 non-empty rows from worksheet.
paper-2002-03,Road Capacity And The Allocation Of Time,READY-TO-UPLOAD/PUBLIC,/Users/dlev2617/Documents/Code/Agents/github-packages/READY-TO-UPLOAD/PUBLIC/paper-2002-03-road-capacity-and-the-allocation-of-time,data/derived_workbooks/original/othercopypatterns.xls,Sheet1,column_9,,mixed_numeric_text,36,act3 | 0.0 | 55.05 | 40.46 | 46.0,,,xls,medium,Some headers were missing; generated column_N names. Sampled first 90 non-empty rows from worksheet.
paper-2002-03,Road Capacity And The Allocation Of Time,READY-TO-UPLOAD/PUBLIC,/Users/dlev2617/Documents/Code/Agents/github-packages/READY-TO-UPLOAD/PUBLIC/paper-2002-03-road-capacity-and-the-allocation-of-time,data/derived_workbooks/original/othercopypatterns.xls,Sheet1,column_10,,mixed_numeric_text,36,act4 | 208.5 | 91.38 | 67.46 | 138.83,,,xls,medium,Some headers were missing; generated column_N names. Sampled first 90 non-empty rows from worksheet.
paper-2002-03,Road Capacity And The Allocation Of Time,READY-TO-UPLOAD/PUBLIC,/Users/dlev2617/Documents/Code/Agents/github-packages/READY-TO-UPLOAD/PUBLIC/paper-2002-03-road-capacity-and-the-allocation-of-time,data/derived_workbooks/original/othercopypatterns.xls,Sheet1,column_11,,mixed_numeric_text,36,Travel | 39.22 | 61.339999999999996 | 60.65 | 46.44,,,xls,medium,Some headers were missing; generated column_N names. Sampled first 90 non-empty rows from worksheet.
paper-2002-03,Road Capacity And The Allocation Of Time,READY-TO-UPLOAD/PUBLIC,/Users/dlev2617/Documents/Code/Agents/github-packages/READY-TO-UPLOAD/PUBLIC/paper-2002-03-road-capacity-and-the-allocation-of-time,data/derived_workbooks/original/othercopypatterns.xls,Sheet1,column_12,,mixed_numeric_text,37,Observations | 704.0 | 0.0 | 47.0 | 128.0,,,xls,medium,Some headers were missing; generated column_N names. Sampled first 90 non-empty rows from worksheet.
paper-2002-03,Road Capacity And The Allocation Of Time,READY-TO-UPLOAD/PUBLIC,/Users/dlev2617/Documents/Code/Agents/github-packages/READY-TO-UPLOAD/PUBLIC/paper-2002-03-road-capacity-and-the-allocation-of-time,data/derived_workbooks/original/othercopypatterns.xls,Sheet1,column_13,,mixed_numeric_text,36,tt1 | 21.31 | 0.0 | 15.89 | 13.49,,,xls,medium,Some headers were missing; generated column_N names. Sampled first 90 non-empty rows from worksheet.
paper-2002-03,Road Capacity And The Allocation Of Time,READY-TO-UPLOAD/PUBLIC,/Users/dlev2617/Documents/Code/Agents/github-packages/READY-TO-UPLOAD/PUBLIC/paper-2002-03-road-capacity-and-the-allocation-of-time,data/derived_workbooks/original/othercopypatterns.xls,Sheet1,column_14,,mixed_numeric_text,36,tt2 | 0.0,,,xls,medium,Some headers were missing; generated column_N names. Sampled first 90 non-empty rows from worksheet.
paper-2002-03,Road Capacity And The Allocation Of Time,READY-TO-UPLOAD/PUBLIC,/Users/dlev2617/Documents/Code/Agents/github-packages/READY-TO-UPLOAD/PUBLIC/paper-2002-03-road-capacity-and-the-allocation-of-time,data/derived_workbooks/original/othercopypatterns.xls,Sheet1,NON WORKERS,,mixed_numeric_text,36,tt3 | 0.0 | 11.93 | 11.72 | 33.0,,,xls,medium,Some headers were missing; generated column_N names. Sampled first 90 non-empty rows from worksheet.
paper-2002-03,Road Capacity And The Allocation Of Time,READY-TO-UPLOAD/PUBLIC,/Users/dlev2617/Documents/Code/Agents/github-packages/READY-TO-UPLOAD/PUBLIC/paper-2002-03-road-capacity-and-the-allocation-of-time,data/derived_workbooks/original/othercopypatterns.xls,Sheet1,NON-WORKERS,,mixed_numeric_text,24,tt4 | 20.58 | 0.0 | 12.89 | 16.1,,,xls,medium,Some headers were missing; generated column_N names. Sampled first 90 non-empty rows from worksheet.
paper-2002-03,Road Capacity And The Allocation Of Time,READY-TO-UPLOAD/PUBLIC,/Users/dlev2617/Documents/Code/Agents/github-packages/READY-TO-UPLOAD/PUBLIC/paper-2002-03-road-capacity-and-the-allocation-of-time,data/derived_workbooks/original/othercopypatterns.xls,Sheet1,column_17,,mixed_numeric_text,36,act1 | 1192.0 | 0.0 | 1247.0 | 1145.0,,,xls,medium,Some headers were missing; generated column_N names. Sampled first 90 non-empty rows from worksheet.
paper-2002-03,Road Capacity And The Allocation Of Time,READY-TO-UPLOAD/PUBLIC,/Users/dlev2617/Documents/Code/Agents/github-packages/READY-TO-UPLOAD/PUBLIC/paper-2002-03-road-capacity-and-the-allocation-of-time,data/derived_workbooks/original/othercopypatterns.xls,Sheet1,column_18,,mixed_numeric_text,36,act2 | 0.0,,,xls,medium,Some headers were missing; generated column_N names. Sampled first 90 non-empty rows from worksheet.
paper-2002-03,Road Capacity And The Allocation Of Time,READY-TO-UPLOAD/PUBLIC,/Users/dlev2617/Documents/Code/Agents/github-packages/READY-TO-UPLOAD/PUBLIC/paper-2002-03-road-capacity-and-the-allocation-of-time,data/derived_workbooks/original/othercopypatterns.xls,Sheet1,column_19,,mixed_numeric_text,36,act3 | 0.0 | 39.63 | 50.76 | 110.0,,,xls,medium,Some headers were missing; generated column_N names. Sampled first 90 non-empty rows from worksheet.
paper-2002-03,Road Capacity And The Allocation Of Time,READY-TO-UPLOAD/PUBLIC,/Users/dlev2617/Documents/Code/Agents/github-packages/READY-TO-UPLOAD/PUBLIC/paper-2002-03-road-capacity-and-the-allocation-of-time,data/derived_workbooks/original/othercopypatterns.xls,Sheet1,column_20,,mixed_numeric_text,36,act4 | 206.6 | 0.0 | 112.4 | 100.4,,,xls,medium,Some headers were missing; generated column_N names. Sampled first 90 non-empty rows from worksheet.
paper-2002-03,Road Capacity And The Allocation Of Time,READY-TO-UPLOAD/PUBLIC,/Users/dlev2617/Documents/Code/Agents/github-packages/READY-TO-UPLOAD/PUBLIC/paper-2002-03-road-capacity-and-the-allocation-of-time,data/derived_workbooks/original/othercopypatterns.xls,Sheet1,column_21,,mixed_numeric_text,36,Travel | 21.31 | 0.0 | 27.82 | 25.21,,,xls,medium,Some headers were missing; generated column_N names. Sampled first 90 non-empty rows from worksheet.
paper-2002-03,Road Capacity And The Allocation Of Time,READY-TO-UPLOAD/PUBLIC,/Users/dlev2617/Documents/Code/Agents/github-packages/READY-TO-UPLOAD/PUBLIC/paper-2002-03-road-capacity-and-the-allocation-of-time,data/derived_workbooks/original/othernwcopypatterns.xls,Sheet1,column_1,,mixed_numeric_text,68,Patterns | HOH | HSOH | HOSH | HOOH,,,xls,medium,Some headers were missing; generated column_N names. Sampled first 70 non-empty rows from worksheet.
paper-2002-03,Road Capacity And The Allocation Of Time,READY-TO-UPLOAD/PUBLIC,/Users/dlev2617/Documents/Code/Agents/github-packages/READY-TO-UPLOAD/PUBLIC/paper-2002-03-road-capacity-and-the-allocation-of-time,data/derived_workbooks/original/othernwcopypatterns.xls,Sheet1,column_2,,mixed_numeric_text,17,Observations | 1046.0 | 99.0 | 161.0 | 239.0,,,xls,medium,Some headers were missing; generated column_N names. Sampled first 70 non-empty rows from worksheet.
paper-2002-03,Road Capacity And The Allocation Of Time,READY-TO-UPLOAD/PUBLIC,/Users/dlev2617/Documents/Code/Agents/github-packages/READY-TO-UPLOAD/PUBLIC/paper-2002-03-road-capacity-and-the-allocation-of-time,data/derived_workbooks/original/othernwcopypatterns.xls,Sheet1,column_3,,mixed_numeric_text,17,tt1 | 19.81 | 18.14 | 13.26 | 20.47,,,xls,medium,Some headers were missing; generated column_N names. Sampled first 70 non-empty rows from worksheet.
paper-2002-03,Road Capacity And The Allocation Of Time,READY-TO-UPLOAD/PUBLIC,/Users/dlev2617/Documents/Code/Agents/github-packages/READY-TO-UPLOAD/PUBLIC/paper-2002-03-road-capacity-and-the-allocation-of-time,data/derived_workbooks/original/othernwcopypatterns.xls,Sheet1,column_4,,mixed_numeric_text,16,tt2 | 0.0,,,xls,medium,Some headers were missing; generated column_N names. Sampled first 70 non-empty rows from worksheet.
paper-2002-03,Road Capacity And The Allocation Of Time,READY-TO-UPLOAD/PUBLIC,/Users/dlev2617/Documents/Code/Agents/github-packages/READY-TO-UPLOAD/PUBLIC/paper-2002-03-road-capacity-and-the-allocation-of-time,data/derived_workbooks/original/othernwcopypatterns.xls,Sheet1,column_5,,mixed_numeric_text,16,tt3 | 0.0 | 12.95 | 13.07 | 19.0,,,xls,medium,Some headers were missing; generated column_N names. Sampled first 70 non-empty rows from worksheet.
paper-2002-03,Road Capacity And The Allocation Of Time,READY-TO-UPLOAD/PUBLIC,/Users/dlev2617/Documents/Code/Agents/github-packages/READY-TO-UPLOAD/PUBLIC/paper-2002-03-road-capacity-and-the-allocation-of-time,data/derived_workbooks/original/othernwcopypatterns.xls,Sheet1,WORKERS,,mixed_numeric_text,16,tt4 | 19.41 | 15.35 | 15.4 | 35.31,,,xls,medium,Some headers were missing; generated column_N names. Sampled first 70 non-empty rows from worksheet.
paper-2002-03,Road Capacity And The Allocation Of Time,READY-TO-UPLOAD/PUBLIC,/Users/dlev2617/Documents/Code/Agents/github-packages/READY-TO-UPLOAD/PUBLIC/paper-2002-03-road-capacity-and-the-allocation-of-time,data/derived_workbooks/original/othernwcopypatterns.xls,Sheet1,column_7,,mixed_numeric_text,16,act1 | 1192.0 | 1199.0 | 1269.0 | 1138.0,,,xls,medium,Some headers were missing; generated column_N names. Sampled first 70 non-empty rows from worksheet.
paper-2002-03,Road Capacity And The Allocation Of Time,READY-TO-UPLOAD/PUBLIC,/Users/dlev2617/Documents/Code/Agents/github-packages/READY-TO-UPLOAD/PUBLIC/paper-2002-03-road-capacity-and-the-allocation-of-time,data/derived_workbooks/original/othernwcopypatterns.xls,Sheet1,column_8,,mixed_numeric_text,16,act2 | 0.0,,,xls,medium,Some headers were missing; generated column_N names. Sampled first 70 non-empty rows from worksheet.
paper-2002-03,Road Capacity And The Allocation Of Time,READY-TO-UPLOAD/PUBLIC,/Users/dlev2617/Documents/Code/Agents/github-packages/READY-TO-UPLOAD/PUBLIC/paper-2002-03-road-capacity-and-the-allocation-of-time,data/derived_workbooks/original/othernwcopypatterns.xls,Sheet1,column_9,,mixed_numeric_text,16,act3 | 0.0 | 55.05 | 40.46 | 79.0,,,xls,medium,Some headers were missing; generated column_N names. Sampled first 70 non-empty rows from worksheet.
paper-2002-03,Road Capacity And The Allocation Of Time,READY-TO-UPLOAD/PUBLIC,/Users/dlev2617/Documents/Code/Agents/github-packages/READY-TO-UPLOAD/PUBLIC/paper-2002-03-road-capacity-and-the-allocation-of-time,data/derived_workbooks/original/othernwcopypatterns.xls,Sheet1,column_10,,mixed_numeric_text,16,act4 | 208.5 | 138.83 | 88.34 | 246.1,,,xls,medium,Some headers were missing; generated column_N names. Sampled first 70 non-empty rows from worksheet.
paper-2002-03,Road Capacity And The Allocation Of Time,READY-TO-UPLOAD/PUBLIC,/Users/dlev2617/Documents/Code/Agents/github-packages/READY-TO-UPLOAD/PUBLIC/paper-2002-03-road-capacity-and-the-allocation-of-time,data/derived_workbooks/original/othernwcopypatterns.xls,Sheet1,column_11,,mixed_numeric_text,16,Travel | 39.22 | 46.44 | 41.73 | 55.78,,,xls,medium,Some headers were missing; generated column_N names. Sampled first 70 non-empty rows from worksheet.
paper-2002-03,Road Capacity And The Allocation Of Time,READY-TO-UPLOAD/PUBLIC,/Users/dlev2617/Documents/Code/Agents/github-packages/READY-TO-UPLOAD/PUBLIC/paper-2002-03-road-capacity-and-the-allocation-of-time,data/derived_workbooks/original/othernwcopypatterns.xls,Sheet1,column_12,,mixed_numeric_text,17,Observations | 704.0 | 47.0 | 128.0 | 161.0,,,xls,medium,Some headers were missing; generated column_N names. Sampled first 70 non-empty rows from worksheet.
paper-2002-03,Road Capacity And The Allocation Of Time,READY-TO-UPLOAD/PUBLIC,/Users/dlev2617/Documents/Code/Agents/github-packages/READY-TO-UPLOAD/PUBLIC/paper-2002-03-road-capacity-and-the-allocation-of-time,data/derived_workbooks/original/othernwcopypatterns.xls,Sheet1,column_13,,mixed_numeric_text,16,tt1 | 21.31 | 15.89 | 13.49 | 19.31,,,xls,medium,Some headers were missing; generated column_N names. Sampled first 70 non-empty rows from worksheet.
paper-2002-03,Road Capacity And The Allocation Of Time,READY-TO-UPLOAD/PUBLIC,/Users/dlev2617/Documents/Code/Agents/github-packages/READY-TO-UPLOAD/PUBLIC/paper-2002-03-road-capacity-and-the-allocation-of-time,data/derived_workbooks/original/othernwcopypatterns.xls,Sheet1,column_14,,mixed_numeric_text,16,tt2 | 0.0,,,xls,medium,Some headers were missing; generated column_N names. Sampled first 70 non-empty rows from worksheet.
paper-2002-03,Road Capacity And The Allocation Of Time,READY-TO-UPLOAD/PUBLIC,/Users/dlev2617/Documents/Code/Agents/github-packages/READY-TO-UPLOAD/PUBLIC/paper-2002-03-road-capacity-and-the-allocation-of-time,data/derived_workbooks/original/othernwcopypatterns.xls,Sheet1,NON WORKERS,,mixed_numeric_text,16,tt3 | 0.0 | 11.93 | 11.72 | 33.0,,,xls,medium,Some headers were missing; generated column_N names. Sampled first 70 non-empty rows from worksheet.
paper-2002-03,Road Capacity And The Allocation Of Time,READY-TO-UPLOAD/PUBLIC,/Users/dlev2617/Documents/Code/Agents/github-packages/READY-TO-UPLOAD/PUBLIC/paper-2002-03-road-capacity-and-the-allocation-of-time,data/derived_workbooks/original/othernwcopypatterns.xls,Sheet1,NON-WORKERS,,mixed_numeric_text,16,tt4 | 20.58 | 12.89 | 16.1 | 34.0,,,xls,medium,Some headers were missing; generated column_N names. Sampled first 70 non-empty rows from worksheet.
paper-2002-03,Road Capacity And The Allocation Of Time,READY-TO-UPLOAD/PUBLIC,/Users/dlev2617/Documents/Code/Agents/github-packages/READY-TO-UPLOAD/PUBLIC/paper-2002-03-road-capacity-and-the-allocation-of-time,data/derived_workbooks/original/othernwcopypatterns.xls,Sheet1,column_17,,mixed_numeric_text,16,act1 | 1192.0 | 1247.0 | 1145.0 | 1217.0,,,xls,medium,Some headers were missing; generated column_N names. Sampled first 70 non-empty rows from worksheet.
paper-2002-03,Road Capacity And The Allocation Of Time,READY-TO-UPLOAD/PUBLIC,/Users/dlev2617/Documents/Code/Agents/github-packages/READY-TO-UPLOAD/PUBLIC/paper-2002-03-road-capacity-and-the-allocation-of-time,data/derived_workbooks/original/othernwcopypatterns.xls,Sheet1,column_18,,mixed_numeric_text,16,act2 | 0.0,,,xls,medium,Some headers were missing; generated column_N names. Sampled first 70 non-empty rows from worksheet.
paper-2002-03,Road Capacity And The Allocation Of Time,READY-TO-UPLOAD/PUBLIC,/Users/dlev2617/Documents/Code/Agents/github-packages/READY-TO-UPLOAD/PUBLIC/paper-2002-03-road-capacity-and-the-allocation-of-time,data/derived_workbooks/original/othernwcopypatterns.xls,Sheet1,column_19,,mixed_numeric_text,16,act3 | 0.0 | 39.63 | 50.76 | 110.0,,,xls,medium,Some headers were missing; generated column_N names. Sampled first 70 non-empty rows from worksheet.
paper-2002-03,Road Capacity And The Allocation Of Time,READY-TO-UPLOAD/PUBLIC,/Users/dlev2617/Documents/Code/Agents/github-packages/READY-TO-UPLOAD/PUBLIC/paper-2002-03-road-capacity-and-the-allocation-of-time,data/derived_workbooks/original/othernwcopypatterns.xls,Sheet1,column_20,,mixed_numeric_text,16,act4 | 206.6 | 112.4 | 100.4 | 241.15,,,xls,medium,Some headers were missing; generated column_N names. Sampled first 70 non-empty rows from worksheet.
paper-2002-03,Road Capacity And The Allocation Of Time,READY-TO-UPLOAD/PUBLIC,/Users/dlev2617/Documents/Code/Agents/github-packages/READY-TO-UPLOAD/PUBLIC/paper-2002-03-road-capacity-and-the-allocation-of-time,data/derived_workbooks/original/othernwcopypatterns.xls,Sheet1,column_21,,mixed_numeric_text,16,Travel | 21.31 | 27.82 | 25.21 | 19.31,,,xls,medium,Some headers were missing; generated column_N names. Sampled first 70 non-empty rows from worksheet.
paper-2002-03,Road Capacity And The Allocation Of Time,READY-TO-UPLOAD/PUBLIC,/Users/dlev2617/Documents/Code/Agents/github-packages/READY-TO-UPLOAD/PUBLIC/paper-2002-03-road-capacity-and-the-allocation-of-time,data/derived_workbooks/original/shopcopypatterns.xls,Sheet1,column_1,,mixed_numeric_text,92,Patterns | HSH | HWSH | HSWH | HSOH,,,xls,medium,Some headers were missing; generated column_N names. Sampled first 94 non-empty rows from worksheet.
paper-2002-03,Road Capacity And The Allocation Of Time,READY-TO-UPLOAD/PUBLIC,/Users/dlev2617/Documents/Code/Agents/github-packages/READY-TO-UPLOAD/PUBLIC/paper-2002-03-road-capacity-and-the-allocation-of-time,data/derived_workbooks/original/shopcopypatterns.xls,Sheet1,column_2,,mixed_numeric_text,41,Observations | 522.0 | 336.0 | 77.0 | 99.0,,,xls,medium,Some headers were missing; generated column_N names. Sampled first 94 non-empty rows from worksheet.
paper-2002-03,Road Capacity And The Allocation Of Time,READY-TO-UPLOAD/PUBLIC,/Users/dlev2617/Documents/Code/Agents/github-packages/READY-TO-UPLOAD/PUBLIC/paper-2002-03-road-capacity-and-the-allocation-of-time,data/derived_workbooks/original/shopcopypatterns.xls,Sheet1,column_3,,mixed_numeric_text,41,tt1 | 11.99 | 14.37 | 26.67 | 18.14,,,xls,medium,Some headers were missing; generated column_N names. Sampled first 94 non-empty rows from worksheet.
paper-2002-03,Road Capacity And The Allocation Of Time,READY-TO-UPLOAD/PUBLIC,/Users/dlev2617/Documents/Code/Agents/github-packages/READY-TO-UPLOAD/PUBLIC/paper-2002-03-road-capacity-and-the-allocation-of-time,data/derived_workbooks/original/shopcopypatterns.xls,Sheet1,column_4,,mixed_numeric_text,40,tt2 | 0.0 | 23.17 | 18.28 | 43.0,,,xls,medium,Some headers were missing; generated column_N names. Sampled first 94 non-empty rows from worksheet.
paper-2002-03,Road Capacity And The Allocation Of Time,READY-TO-UPLOAD/PUBLIC,/Users/dlev2617/Documents/Code/Agents/github-packages/READY-TO-UPLOAD/PUBLIC/paper-2002-03-road-capacity-and-the-allocation-of-time,data/derived_workbooks/original/shopcopypatterns.xls,Sheet1,column_5,,mixed_numeric_text,40,tt3 | 11.71 | 15.6 | 9.38 | 12.95,,,xls,medium,Some headers were missing; generated column_N names. Sampled first 94 non-empty rows from worksheet.
paper-2002-03,Road Capacity And The Allocation Of Time,READY-TO-UPLOAD/PUBLIC,/Users/dlev2617/Documents/Code/Agents/github-packages/READY-TO-UPLOAD/PUBLIC/paper-2002-03-road-capacity-and-the-allocation-of-time,data/derived_workbooks/original/shopcopypatterns.xls,Sheet1,WORKERS,,mixed_numeric_text,40,tt4 | 0.0 | 15.35 | 15.4 | 10.0,,,xls,medium,Some headers were missing; generated column_N names. Sampled first 94 non-empty rows from worksheet.
paper-2002-03,Road Capacity And The Allocation Of Time,READY-TO-UPLOAD/PUBLIC,/Users/dlev2617/Documents/Code/Agents/github-packages/READY-TO-UPLOAD/PUBLIC/paper-2002-03-road-capacity-and-the-allocation-of-time,data/derived_workbooks/original/shopcopypatterns.xls,Sheet1,column_7,,mixed_numeric_text,40,act1 | 1360.0 | 850.2 | 858.6 | 1199.0,,,xls,medium,Some headers were missing; generated column_N names. Sampled first 94 non-empty rows from worksheet.
paper-2002-03,Road Capacity And The Allocation Of Time,READY-TO-UPLOAD/PUBLIC,/Users/dlev2617/Documents/Code/Agents/github-packages/READY-TO-UPLOAD/PUBLIC/paper-2002-03-road-capacity-and-the-allocation-of-time,data/derived_workbooks/original/shopcopypatterns.xls,Sheet1,column_8,,mixed_numeric_text,40,act2 | 0.0 | 500.2 | 506.6 | 455.0,,,xls,medium,Some headers were missing; generated column_N names. Sampled first 94 non-empty rows from worksheet.
paper-2002-03,Road Capacity And The Allocation Of Time,READY-TO-UPLOAD/PUBLIC,/Users/dlev2617/Documents/Code/Agents/github-packages/READY-TO-UPLOAD/PUBLIC/paper-2002-03-road-capacity-and-the-allocation-of-time,data/derived_workbooks/original/shopcopypatterns.xls,Sheet1,column_9,,mixed_numeric_text,40,act3 | 55.52 | 36.46 | 20.36 | 55.05,,,xls,medium,Some headers were missing; generated column_N names. Sampled first 94 non-empty rows from worksheet.
paper-2002-03,Road Capacity And The Allocation Of Time,READY-TO-UPLOAD/PUBLIC,/Users/dlev2617/Documents/Code/Agents/github-packages/READY-TO-UPLOAD/PUBLIC/paper-2002-03-road-capacity-and-the-allocation-of-time,data/derived_workbooks/original/shopcopypatterns.xls,Sheet1,column_10,,mixed_numeric_text,40,act4 | 0.0 | 138.83 | 88.34 | 56.0,,,xls,medium,Some headers were missing; generated column_N names. Sampled first 94 non-empty rows from worksheet.
paper-2002-03,Road Capacity And The Allocation Of Time,READY-TO-UPLOAD/PUBLIC,/Users/dlev2617/Documents/Code/Agents/github-packages/READY-TO-UPLOAD/PUBLIC/paper-2002-03-road-capacity-and-the-allocation-of-time,data/derived_workbooks/original/shopcopypatterns.xls,Sheet1,column_11,,mixed_numeric_text,40,Travel | 23.700000000000003 | 53.14 | 54.330000000000005 | 46.44,,,xls,medium,Some headers were missing; generated column_N names. Sampled first 94 non-empty rows from worksheet.
paper-2002-03,Road Capacity And The Allocation Of Time,READY-TO-UPLOAD/PUBLIC,/Users/dlev2617/Documents/Code/Agents/github-packages/READY-TO-UPLOAD/PUBLIC/paper-2002-03-road-capacity-and-the-allocation-of-time,data/derived_workbooks/original/shopcopypatterns.xls,Sheet1,column_12,,mixed_numeric_text,41,Observations | 322.0 | 0.0 | 47.0 | 128.0,,,xls,medium,Some headers were missing; generated column_N names. Sampled first 94 non-empty rows from worksheet.
paper-2002-03,Road Capacity And The Allocation Of Time,READY-TO-UPLOAD/PUBLIC,/Users/dlev2617/Documents/Code/Agents/github-packages/READY-TO-UPLOAD/PUBLIC/paper-2002-03-road-capacity-and-the-allocation-of-time,data/derived_workbooks/original/shopcopypatterns.xls,Sheet1,column_13,,mixed_numeric_text,40,tt1 | 13.6 | 0.0 | 15.89 | 13.49,,,xls,medium,Some headers were missing; generated column_N names. Sampled first 94 non-empty rows from worksheet.
paper-2002-03,Road Capacity And The Allocation Of Time,READY-TO-UPLOAD/PUBLIC,/Users/dlev2617/Documents/Code/Agents/github-packages/READY-TO-UPLOAD/PUBLIC/paper-2002-03-road-capacity-and-the-allocation-of-time,data/derived_workbooks/original/shopcopypatterns.xls,Sheet1,column_14,,mixed_numeric_text,40,tt2 | 0.0,,,xls,medium,Some headers were missing; generated column_N names. Sampled first 94 non-empty rows from worksheet.
paper-2002-03,Road Capacity And The Allocation Of Time,READY-TO-UPLOAD/PUBLIC,/Users/dlev2617/Documents/Code/Agents/github-packages/READY-TO-UPLOAD/PUBLIC/paper-2002-03-road-capacity-and-the-allocation-of-time,data/derived_workbooks/original/shopcopypatterns.xls,Sheet1,NON WORKERS,,mixed_numeric_text,40,tt3 | 13.31 | 0.0 | 11.93 | 11.72,,,xls,medium,Some headers were missing; generated column_N names. Sampled first 94 non-empty rows from worksheet.
paper-2002-03,Road Capacity And The Allocation Of Time,READY-TO-UPLOAD/PUBLIC,/Users/dlev2617/Documents/Code/Agents/github-packages/READY-TO-UPLOAD/PUBLIC/paper-2002-03-road-capacity-and-the-allocation-of-time,data/derived_workbooks/original/shopcopypatterns.xls,Sheet1,NON-WORKERS,,mixed_numeric_text,25,tt4 | 0.0 | 12.89 | 16.1 | 14.0,,,xls,medium,Some headers were missing; generated column_N names. Sampled first 94 non-empty rows from worksheet.
paper-2002-03,Road Capacity And The Allocation Of Time,READY-TO-UPLOAD/PUBLIC,/Users/dlev2617/Documents/Code/Agents/github-packages/READY-TO-UPLOAD/PUBLIC/paper-2002-03-road-capacity-and-the-allocation-of-time,data/derived_workbooks/original/shopcopypatterns.xls,Sheet1,column_17,,mixed_numeric_text,40,act1 | 1350.0 | 0.0 | 1247.0 | 1299.0,,,xls,medium,Some headers were missing; generated column_N names. Sampled first 94 non-empty rows from worksheet.
paper-2002-03,Road Capacity And The Allocation Of Time,READY-TO-UPLOAD/PUBLIC,/Users/dlev2617/Documents/Code/Agents/github-packages/READY-TO-UPLOAD/PUBLIC/paper-2002-03-road-capacity-and-the-allocation-of-time,data/derived_workbooks/original/shopcopypatterns.xls,Sheet1,column_18,,mixed_numeric_text,40,act2 | 0.0,,,xls,medium,Some headers were missing; generated column_N names. Sampled first 94 non-empty rows from worksheet.
paper-2002-03,Road Capacity And The Allocation Of Time,READY-TO-UPLOAD/PUBLIC,/Users/dlev2617/Documents/Code/Agents/github-packages/READY-TO-UPLOAD/PUBLIC/paper-2002-03-road-capacity-and-the-allocation-of-time,data/derived_workbooks/original/shopcopypatterns.xls,Sheet1,column_19,,mixed_numeric_text,40,act3 | 62.93 | 0.0 | 39.63 | 50.76,,,xls,medium,Some headers were missing; generated column_N names. Sampled first 94 non-empty rows from worksheet.
paper-2002-03,Road Capacity And The Allocation Of Time,READY-TO-UPLOAD/PUBLIC,/Users/dlev2617/Documents/Code/Agents/github-packages/READY-TO-UPLOAD/PUBLIC/paper-2002-03-road-capacity-and-the-allocation-of-time,data/derived_workbooks/original/shopcopypatterns.xls,Sheet1,column_20,,mixed_numeric_text,40,act4 | 0.0 | 112.4 | 100.4 | 48.0,,,xls,medium,Some headers were missing; generated column_N names. Sampled first 94 non-empty rows from worksheet.
paper-2002-03,Road Capacity And The Allocation Of Time,READY-TO-UPLOAD/PUBLIC,/Users/dlev2617/Documents/Code/Agents/github-packages/READY-TO-UPLOAD/PUBLIC/paper-2002-03-road-capacity-and-the-allocation-of-time,data/derived_workbooks/original/shopcopypatterns.xls,Sheet1,column_21,,mixed_numeric_text,40,Travel | 26.91 | 0.0 | 27.82 | 25.21,,,xls,medium,Some headers were missing; generated column_N names. Sampled first 94 non-empty rows from worksheet.
paper-2002-03,Road Capacity And The Allocation Of Time,READY-TO-UPLOAD/PUBLIC,/Users/dlev2617/Documents/Code/Agents/github-packages/READY-TO-UPLOAD/PUBLIC/paper-2002-03-road-capacity-and-the-allocation-of-time,data/derived_workbooks/original/shopnwcopypatterns.xls,Sheet1,column_1,,mixed_numeric_text,66,Patterns | HSH | HSOH | HOSH | HSSH,,,xls,medium,Some headers were missing; generated column_N names. Sampled first 68 non-empty rows from worksheet.
paper-2002-03,Road Capacity And The Allocation Of Time,READY-TO-UPLOAD/PUBLIC,/Users/dlev2617/Documents/Code/Agents/github-packages/READY-TO-UPLOAD/PUBLIC/paper-2002-03-road-capacity-and-the-allocation-of-time,data/derived_workbooks/original/shopnwcopypatterns.xls,Sheet1,column_2,,mixed_numeric_text,15,Observations | 522.0 | 99.0 | 161.0 | 83.0,,,xls,medium,Some headers were missing; generated column_N names. Sampled first 68 non-empty rows from worksheet.
paper-2002-03,Road Capacity And The Allocation Of Time,READY-TO-UPLOAD/PUBLIC,/Users/dlev2617/Documents/Code/Agents/github-packages/READY-TO-UPLOAD/PUBLIC/paper-2002-03-road-capacity-and-the-allocation-of-time,data/derived_workbooks/original/shopnwcopypatterns.xls,Sheet1,column_3,,mixed_numeric_text,15,tt1 | 11.99 | 18.14 | 13.26 | 11.0,,,xls,medium,Some headers were missing; generated column_N names. Sampled first 68 non-empty rows from worksheet.
paper-2002-03,Road Capacity And The Allocation Of Time,READY-TO-UPLOAD/PUBLIC,/Users/dlev2617/Documents/Code/Agents/github-packages/READY-TO-UPLOAD/PUBLIC/paper-2002-03-road-capacity-and-the-allocation-of-time,data/derived_workbooks/original/shopnwcopypatterns.xls,Sheet1,column_4,,mixed_numeric_text,14,tt2 | 0.0,,,xls,medium,Some headers were missing; generated column_N names. Sampled first 68 non-empty rows from worksheet.
paper-2002-03,Road Capacity And The Allocation Of Time,READY-TO-UPLOAD/PUBLIC,/Users/dlev2617/Documents/Code/Agents/github-packages/READY-TO-UPLOAD/PUBLIC/paper-2002-03-road-capacity-and-the-allocation-of-time,data/derived_workbooks/original/shopnwcopypatterns.xls,Sheet1,column_5,,mixed_numeric_text,14,tt3 | 11.71 | 12.95 | 13.07 | 24.24,,,xls,medium,Some headers were missing; generated column_N names. Sampled first 68 non-empty rows from worksheet.
paper-2002-03,Road Capacity And The Allocation Of Time,READY-TO-UPLOAD/PUBLIC,/Users/dlev2617/Documents/Code/Agents/github-packages/READY-TO-UPLOAD/PUBLIC/paper-2002-03-road-capacity-and-the-allocation-of-time,data/derived_workbooks/original/shopnwcopypatterns.xls,Sheet1,WORKERS,,mixed_numeric_text,14,tt4 | 0.0 | 15.35 | 15.4 | 12.0,,,xls,medium,Some headers were missing; generated column_N names. Sampled first 68 non-empty rows from worksheet.
paper-2002-03,Road Capacity And The Allocation Of Time,READY-TO-UPLOAD/PUBLIC,/Users/dlev2617/Documents/Code/Agents/github-packages/READY-TO-UPLOAD/PUBLIC/paper-2002-03-road-capacity-and-the-allocation-of-time,data/derived_workbooks/original/shopnwcopypatterns.xls,Sheet1,column_7,,mixed_numeric_text,14,act1 | 1360.0 | 1199.0 | 1269.0 | 1321.0,,,xls,medium,Some headers were missing; generated column_N names. Sampled first 68 non-empty rows from worksheet.
paper-2002-03,Road Capacity And The Allocation Of Time,READY-TO-UPLOAD/PUBLIC,/Users/dlev2617/Documents/Code/Agents/github-packages/READY-TO-UPLOAD/PUBLIC/paper-2002-03-road-capacity-and-the-allocation-of-time,data/derived_workbooks/original/shopnwcopypatterns.xls,Sheet1,column_8,,mixed_numeric_text,14,act2 | 0.0,,,xls,medium,Some headers were missing; generated column_N names. Sampled first 68 non-empty rows from worksheet.
paper-2002-03,Road Capacity And The Allocation Of Time,READY-TO-UPLOAD/PUBLIC,/Users/dlev2617/Documents/Code/Agents/github-packages/READY-TO-UPLOAD/PUBLIC/paper-2002-03-road-capacity-and-the-allocation-of-time,data/derived_workbooks/original/shopnwcopypatterns.xls,Sheet1,column_9,,mixed_numeric_text,14,act3 | 55.52 | 55.05 | 40.46 | 80.61,,,xls,medium,Some headers were missing; generated column_N names. Sampled first 68 non-empty rows from worksheet.
paper-2002-03,Road Capacity And The Allocation Of Time,READY-TO-UPLOAD/PUBLIC,/Users/dlev2617/Documents/Code/Agents/github-packages/READY-TO-UPLOAD/PUBLIC/paper-2002-03-road-capacity-and-the-allocation-of-time,data/derived_workbooks/original/shopnwcopypatterns.xls,Sheet1,column_10,,mixed_numeric_text,14,act4 | 0.0 | 138.83 | 88.34 | 109.0,,,xls,medium,Some headers were missing; generated column_N names. Sampled first 68 non-empty rows from worksheet.
paper-2002-03,Road Capacity And The Allocation Of Time,READY-TO-UPLOAD/PUBLIC,/Users/dlev2617/Documents/Code/Agents/github-packages/READY-TO-UPLOAD/PUBLIC/paper-2002-03-road-capacity-and-the-allocation-of-time,data/derived_workbooks/original/shopnwcopypatterns.xls,Sheet1,column_11,,mixed_numeric_text,14,Travel | 23.700000000000003 | 46.44 | 41.73 | 37.5,,,xls,medium,Some headers were missing; generated column_N names. Sampled first 68 non-empty rows from worksheet.
paper-2002-03,Road Capacity And The Allocation Of Time,READY-TO-UPLOAD/PUBLIC,/Users/dlev2617/Documents/Code/Agents/github-packages/READY-TO-UPLOAD/PUBLIC/paper-2002-03-road-capacity-and-the-allocation-of-time,data/derived_workbooks/original/shopnwcopypatterns.xls,Sheet1,column_12,,mixed_numeric_text,15,Observations | 322.0 | 47.0 | 128.0 | 69.0,,,xls,medium,Some headers were missing; generated column_N names. Sampled first 68 non-empty rows from worksheet.
paper-2002-03,Road Capacity And The Allocation Of Time,READY-TO-UPLOAD/PUBLIC,/Users/dlev2617/Documents/Code/Agents/github-packages/READY-TO-UPLOAD/PUBLIC/paper-2002-03-road-capacity-and-the-allocation-of-time,data/derived_workbooks/original/shopnwcopypatterns.xls,Sheet1,column_13,,mixed_numeric_text,14,tt1 | 13.6 | 15.89 | 13.49 | 14.86,,,xls,medium,Some headers were missing; generated column_N names. Sampled first 68 non-empty rows from worksheet.
paper-2002-03,Road Capacity And The Allocation Of Time,READY-TO-UPLOAD/PUBLIC,/Users/dlev2617/Documents/Code/Agents/github-packages/READY-TO-UPLOAD/PUBLIC/paper-2002-03-road-capacity-and-the-allocation-of-time,data/derived_workbooks/original/shopnwcopypatterns.xls,Sheet1,column_14,,mixed_numeric_text,14,tt2 | 0.0,,,xls,medium,Some headers were missing; generated column_N names. Sampled first 68 non-empty rows from worksheet.
paper-2002-03,Road Capacity And The Allocation Of Time,READY-TO-UPLOAD/PUBLIC,/Users/dlev2617/Documents/Code/Agents/github-packages/READY-TO-UPLOAD/PUBLIC/paper-2002-03-road-capacity-and-the-allocation-of-time,data/derived_workbooks/original/shopnwcopypatterns.xls,Sheet1,NON WORKERS,,mixed_numeric_text,14,tt3 | 13.31 | 11.93 | 11.72 | 25.92,,,xls,medium,Some headers were missing; generated column_N names. Sampled first 68 non-empty rows from worksheet.
paper-2002-03,Road Capacity And The Allocation Of Time,READY-TO-UPLOAD/PUBLIC,/Users/dlev2617/Documents/Code/Agents/github-packages/READY-TO-UPLOAD/PUBLIC/paper-2002-03-road-capacity-and-the-allocation-of-time,data/derived_workbooks/original/shopnwcopypatterns.xls,Sheet1,NON-WORKERS,,mixed_numeric_text,14,tt4 | 0.0 | 12.89 | 16.1 | 14.0,,,xls,medium,Some headers were missing; generated column_N names. Sampled first 68 non-empty rows from worksheet.
paper-2002-03,Road Capacity And The Allocation Of Time,READY-TO-UPLOAD/PUBLIC,/Users/dlev2617/Documents/Code/Agents/github-packages/READY-TO-UPLOAD/PUBLIC/paper-2002-03-road-capacity-and-the-allocation-of-time,data/derived_workbooks/original/shopnwcopypatterns.xls,Sheet1,column_17,,mixed_numeric_text,14,act1 | 1350.0 | 1247.0 | 1299.0 | 1237.0,,,xls,medium,Some headers were missing; generated column_N names. Sampled first 68 non-empty rows from worksheet.
paper-2002-03,Road Capacity And The Allocation Of Time,READY-TO-UPLOAD/PUBLIC,/Users/dlev2617/Documents/Code/Agents/github-packages/READY-TO-UPLOAD/PUBLIC/paper-2002-03-road-capacity-and-the-allocation-of-time,data/derived_workbooks/original/shopnwcopypatterns.xls,Sheet1,column_18,,mixed_numeric_text,14,act2 | 0.0,,,xls,medium,Some headers were missing; generated column_N names. Sampled first 68 non-empty rows from worksheet.
paper-2002-03,Road Capacity And The Allocation Of Time,READY-TO-UPLOAD/PUBLIC,/Users/dlev2617/Documents/Code/Agents/github-packages/READY-TO-UPLOAD/PUBLIC/paper-2002-03-road-capacity-and-the-allocation-of-time,data/derived_workbooks/original/shopnwcopypatterns.xls,Sheet1,column_19,,mixed_numeric_text,14,act3 | 62.93 | 39.63 | 50.76 | 99.47,,,xls,medium,Some headers were missing; generated column_N names. Sampled first 68 non-empty rows from worksheet.
paper-2002-03,Road Capacity And The Allocation Of Time,READY-TO-UPLOAD/PUBLIC,/Users/dlev2617/Documents/Code/Agents/github-packages/READY-TO-UPLOAD/PUBLIC/paper-2002-03-road-capacity-and-the-allocation-of-time,data/derived_workbooks/original/shopnwcopypatterns.xls,Sheet1,column_20,,mixed_numeric_text,14,act4 | 0.0 | 112.4 | 100.4 | 48.0,,,xls,medium,Some headers were missing; generated column_N names. Sampled first 68 non-empty rows from worksheet.
paper-2002-03,Road Capacity And The Allocation Of Time,READY-TO-UPLOAD/PUBLIC,/Users/dlev2617/Documents/Code/Agents/github-packages/READY-TO-UPLOAD/PUBLIC/paper-2002-03-road-capacity-and-the-allocation-of-time,data/derived_workbooks/original/shopnwcopypatterns.xls,Sheet1,column_21,,mixed_numeric_text,14,Travel | 26.91 | 27.82 | 25.21 | 40.78,,,xls,medium,Some headers were missing; generated column_N names. Sampled first 68 non-empty rows from worksheet.
paper-2002-03,Road Capacity And The Allocation Of Time,READY-TO-UPLOAD/PUBLIC,/Users/dlev2617/Documents/Code/Agents/github-packages/READY-TO-UPLOAD/PUBLIC/paper-2002-03-road-capacity-and-the-allocation-of-time,data/derived_workbooks/original/table_3.xls,,,,,,,,,xls,low,"Could not inspect file: XLRDError: Unsupported format, or corrupt file: Expected BOF record; found b'\t\t\t\t\t\t\t\t'"
